race,precinct,precinct_num,registered_voters,ballots_cast,candidate,votes,endorsed,vote_share,multi_candidate_race
US Senate,Northfield 1,1.0,1856,165,Kevin Ryan,6,FALSE,0.0364,FALSE
US Senate,Northfield 2,2.0,979,225,Kevin Ryan,5,FALSE,0.0222,FALSE
US Senate,Northfield 3,3.0,1754,322,Kevin Ryan,10,FALSE,0.0311,FALSE
US Senate,Northfield 4,4.0,1156,219,Kevin Ryan,10,FALSE,0.0457,FALSE
US Senate,Northfield 5,5.0,865,150,Kevin Ryan,6,FALSE,0.04,FALSE
US Senate,Northfield 6,6.0,1160,248,Kevin Ryan,7,FALSE,0.0282,FALSE
US Senate,Northfield 7,7.0,1578,377,Kevin Ryan,14,FALSE,0.0371,FALSE
US Senate,Northfield 8,8.0,1540,307,Kevin Ryan,13,FALSE,0.0423,FALSE
US Senate,Northfield 9,9.0,790,213,Kevin Ryan,14,FALSE,0.0657,FALSE
US Senate,Northfield 10,10.0,1036,201,Kevin Ryan,8,FALSE,0.0398,FALSE
US Senate,Northfield 11,11.0,1494,283,Kevin Ryan,7,FALSE,0.0247,FALSE
US Senate,Northfield 12,12.0,1705,439,Kevin Ryan,26,FALSE,0.0592,FALSE
US Senate,Northfield 13,13.0,989,194,Kevin Ryan,4,FALSE,0.0206,FALSE
US Senate,Northfield 14,14.0,1063,209,Kevin Ryan,12,FALSE,0.0574,FALSE
US Senate,Northfield 15,15.0,1884,433,Kevin Ryan,10,FALSE,0.0231,FALSE
US Senate,Northfield 16,16.0,1222,238,Kevin Ryan,8,FALSE,0.0336,FALSE
US Senate,Northfield 17,17.0,1839,267,Kevin Ryan,8,FALSE,0.03,FALSE
US Senate,Northfield 18,18.0,1382,312,Kevin Ryan,5,FALSE,0.016,FALSE
US Senate,Northfield 19,19.0,1361,297,Kevin Ryan,7,FALSE,0.0236,FALSE
US Senate,Northfield 20,20.0,1070,256,Kevin Ryan,6,FALSE,0.0234,FALSE
US Senate,Northfield 21,21.0,1581,380,Kevin Ryan,17,FALSE,0.0447,FALSE
US Senate,Northfield 22,22.0,1160,251,Kevin Ryan,6,FALSE,0.0239,FALSE
US Senate,Northfield 23,23.0,860,179,Kevin Ryan,7,FALSE,0.0391,FALSE
US Senate,Northfield 24,24.0,1013,251,Kevin Ryan,13,FALSE,0.0518,FALSE
US Senate,Northfield 25,25.0,1034,210,Kevin Ryan,13,FALSE,0.0619,FALSE
US Senate,Northfield 26,26.0,965,227,Kevin Ryan,11,FALSE,0.0485,FALSE
US Senate,Northfield 27,27.0,1495,209,Kevin Ryan,11,FALSE,0.0526,FALSE
US Senate,Northfield 28,28.0,2141,381,Kevin Ryan,17,FALSE,0.0446,FALSE
US Senate,Northfield 29,29.0,895,205,Kevin Ryan,8,FALSE,0.039,FALSE
US Senate,Northfield 30,30.0,1082,308,Kevin Ryan,14,FALSE,0.0455,FALSE
US Senate,Northfield 31,31.0,1413,260,Kevin Ryan,19,FALSE,0.0731,FALSE
US Senate,Northfield 32,32.0,1433,280,Kevin Ryan,9,FALSE,0.0321,FALSE
US Senate,Northfield 33,33.0,1078,94,Kevin Ryan,7,FALSE,0.0745,FALSE
US Senate,Northfield 34,34.0,776,193,Kevin Ryan,2,FALSE,0.0104,FALSE
US Senate,Northfield 35,35.0,1188,221,Kevin Ryan,11,FALSE,0.0498,FALSE
US Senate,Northfield 36,36.0,1106,194,Kevin Ryan,4,FALSE,0.0206,FALSE
US Senate,Northfield 37,37.0,1254,369,Kevin Ryan,17,FALSE,0.0461,FALSE
US Senate,Northfield 38,38.0,903,200,Kevin Ryan,13,FALSE,0.065,FALSE
US Senate,Northfield 39,39.0,702,121,Kevin Ryan,12,FALSE,0.0992,FALSE
US Senate,Northfield 40,40.0,816,127,Kevin Ryan,2,FALSE,0.0157,FALSE
US Senate,Northfield 41,41.0,909,252,Kevin Ryan,6,FALSE,0.0238,FALSE
US Senate,Northfield 42,42.0,1151,208,Kevin Ryan,7,FALSE,0.0337,FALSE
US Senate,Northfield 43,43.0,1183,238,Kevin Ryan,6,FALSE,0.0252,FALSE
US Senate,Northfield 44,44.0,811,200,Kevin Ryan,5,FALSE,0.025,FALSE
US Senate,Northfield 45,45.0,837,176,Kevin Ryan,5,FALSE,0.0284,FALSE
US Senate,Northfield 46,46.0,1441,259,Kevin Ryan,12,FALSE,0.0463,FALSE
US Senate,Northfield 47,47.0,1386,379,Kevin Ryan,16,FALSE,0.0422,FALSE
US Senate,Northfield 48,48.0,1015,210,Kevin Ryan,16,FALSE,0.0762,FALSE
US Senate,Northfield 49,49.0,1157,147,Kevin Ryan,5,FALSE,0.034,FALSE
US Senate,Northfield 50,50.0,1439,226,Kevin Ryan,2,FALSE,0.0088,FALSE
US Senate,Northfield 51,51.0,3043,630,Kevin Ryan,22,FALSE,0.0349,FALSE
US Senate,Northfield 52,52.0,904,277,Kevin Ryan,10,FALSE,0.0361,FALSE
US Senate,Northfield 53,53.0,1073,263,Kevin Ryan,7,FALSE,0.0266,FALSE
US Senate,Northfield 54,54.0,1740,384,Kevin Ryan,9,FALSE,0.0234,FALSE
US Senate,Northfield 55,55.0,1015,274,Kevin Ryan,10,FALSE,0.0365,FALSE
US Senate,Northfield 56,56.0,1466,311,Kevin Ryan,8,FALSE,0.0257,FALSE
US Senate,Northfield 57,57.0,820,166,Kevin Ryan,4,FALSE,0.0241,FALSE
US Senate,Northfield 58,58.0,604,100,Kevin Ryan,1,FALSE,0.01,FALSE
US Senate,Northfield Township Results,,71612,14715,Kevin Ryan,550,FALSE,0.0374,FALSE
US Senate,Northfield 1,1.0,1856,165,Robin Kelly,23,FALSE,0.1394,FALSE
US Senate,Northfield 2,2.0,979,225,Robin Kelly,16,FALSE,0.0711,FALSE
US Senate,Northfield 3,3.0,1754,322,Robin Kelly,22,FALSE,0.0683,FALSE
US Senate,Northfield 4,4.0,1156,219,Robin Kelly,39,FALSE,0.1781,FALSE
US Senate,Northfield 5,5.0,865,150,Robin Kelly,12,FALSE,0.08,FALSE
US Senate,Northfield 6,6.0,1160,248,Robin Kelly,32,FALSE,0.129,FALSE
US Senate,Northfield 7,7.0,1578,377,Robin Kelly,38,FALSE,0.1008,FALSE
US Senate,Northfield 8,8.0,1540,307,Robin Kelly,22,FALSE,0.0717,FALSE
US Senate,Northfield 9,9.0,790,213,Robin Kelly,17,FALSE,0.0798,FALSE
US Senate,Northfield 10,10.0,1036,201,Robin Kelly,21,FALSE,0.1045,FALSE
US Senate,Northfield 11,11.0,1494,283,Robin Kelly,18,FALSE,0.0636,FALSE
US Senate,Northfield 12,12.0,1705,439,Robin Kelly,50,FALSE,0.1139,FALSE
US Senate,Northfield 13,13.0,989,194,Robin Kelly,18,FALSE,0.0928,FALSE
US Senate,Northfield 14,14.0,1063,209,Robin Kelly,19,FALSE,0.0909,FALSE
US Senate,Northfield 15,15.0,1884,433,Robin Kelly,36,FALSE,0.0831,FALSE
US Senate,Northfield 16,16.0,1222,238,Robin Kelly,18,FALSE,0.0756,FALSE
US Senate,Northfield 17,17.0,1839,267,Robin Kelly,21,FALSE,0.0787,FALSE
US Senate,Northfield 18,18.0,1382,312,Robin Kelly,19,FALSE,0.0609,FALSE
US Senate,Northfield 19,19.0,1361,297,Robin Kelly,28,FALSE,0.0943,FALSE
US Senate,Northfield 20,20.0,1070,256,Robin Kelly,17,FALSE,0.0664,FALSE
US Senate,Northfield 21,21.0,1581,380,Robin Kelly,41,FALSE,0.1079,FALSE
US Senate,Northfield 22,22.0,1160,251,Robin Kelly,16,FALSE,0.0637,FALSE
US Senate,Northfield 23,23.0,860,179,Robin Kelly,15,FALSE,0.0838,FALSE
US Senate,Northfield 24,24.0,1013,251,Robin Kelly,29,FALSE,0.1155,FALSE
US Senate,Northfield 25,25.0,1034,210,Robin Kelly,30,FALSE,0.1429,FALSE
US Senate,Northfield 26,26.0,965,227,Robin Kelly,18,FALSE,0.0793,FALSE
US Senate,Northfield 27,27.0,1495,209,Robin Kelly,33,FALSE,0.1579,FALSE
US Senate,Northfield 28,28.0,2141,381,Robin Kelly,30,FALSE,0.0787,FALSE
US Senate,Northfield 29,29.0,895,205,Robin Kelly,16,FALSE,0.078,FALSE
US Senate,Northfield 30,30.0,1082,308,Robin Kelly,31,FALSE,0.1006,FALSE
US Senate,Northfield 31,31.0,1413,260,Robin Kelly,26,FALSE,0.1,FALSE
US Senate,Northfield 32,32.0,1433,280,Robin Kelly,21,FALSE,0.075,FALSE
US Senate,Northfield 33,33.0,1078,94,Robin Kelly,9,FALSE,0.0957,FALSE
US Senate,Northfield 34,34.0,776,193,Robin Kelly,14,FALSE,0.0725,FALSE
US Senate,Northfield 35,35.0,1188,221,Robin Kelly,23,FALSE,0.1041,FALSE
US Senate,Northfield 36,36.0,1106,194,Robin Kelly,13,FALSE,0.067,FALSE
US Senate,Northfield 37,37.0,1254,369,Robin Kelly,39,FALSE,0.1057,FALSE
US Senate,Northfield 38,38.0,903,200,Robin Kelly,30,FALSE,0.15,FALSE
US Senate,Northfield 39,39.0,702,121,Robin Kelly,16,FALSE,0.1322,FALSE
US Senate,Northfield 40,40.0,816,127,Robin Kelly,10,FALSE,0.0787,FALSE
US Senate,Northfield 41,41.0,909,252,Robin Kelly,18,FALSE,0.0714,FALSE
US Senate,Northfield 42,42.0,1151,208,Robin Kelly,13,FALSE,0.0625,FALSE
US Senate,Northfield 43,43.0,1183,238,Robin Kelly,24,FALSE,0.1008,FALSE
US Senate,Northfield 44,44.0,811,200,Robin Kelly,17,FALSE,0.085,FALSE
US Senate,Northfield 45,45.0,837,176,Robin Kelly,9,FALSE,0.0511,FALSE
US Senate,Northfield 46,46.0,1441,259,Robin Kelly,17,FALSE,0.0656,FALSE
US Senate,Northfield 47,47.0,1386,379,Robin Kelly,27,FALSE,0.0712,FALSE
US Senate,Northfield 48,48.0,1015,210,Robin Kelly,12,FALSE,0.0571,FALSE
US Senate,Northfield 49,49.0,1157,147,Robin Kelly,23,FALSE,0.1565,FALSE
US Senate,Northfield 50,50.0,1439,226,Robin Kelly,25,FALSE,0.1106,FALSE
US Senate,Northfield 51,51.0,3043,630,Robin Kelly,52,FALSE,0.0825,FALSE
US Senate,Northfield 52,52.0,904,277,Robin Kelly,24,FALSE,0.0866,FALSE
US Senate,Northfield 53,53.0,1073,263,Robin Kelly,26,FALSE,0.0989,FALSE
US Senate,Northfield 54,54.0,1740,384,Robin Kelly,20,FALSE,0.0521,FALSE
US Senate,Northfield 55,55.0,1015,274,Robin Kelly,18,FALSE,0.0657,FALSE
US Senate,Northfield 56,56.0,1466,311,Robin Kelly,39,FALSE,0.1254,FALSE
US Senate,Northfield 57,57.0,820,166,Robin Kelly,18,FALSE,0.1084,FALSE
US Senate,Northfield 58,58.0,604,100,Robin Kelly,5,FALSE,0.05,FALSE
US Senate,Northfield Township Results,,71612,14715,Robin Kelly,1333,FALSE,0.0906,FALSE
US Senate,Northfield 1,1.0,1856,165,Juliana Stratton,72,TRUE,0.4364,FALSE
US Senate,Northfield 2,2.0,979,225,Juliana Stratton,129,TRUE,0.5733,FALSE
US Senate,Northfield 3,3.0,1754,322,Juliana Stratton,142,TRUE,0.441,FALSE
US Senate,Northfield 4,4.0,1156,219,Juliana Stratton,79,TRUE,0.3607,FALSE
US Senate,Northfield 5,5.0,865,150,Juliana Stratton,67,TRUE,0.4467,FALSE
US Senate,Northfield 6,6.0,1160,248,Juliana Stratton,111,TRUE,0.4476,FALSE
US Senate,Northfield 7,7.0,1578,377,Juliana Stratton,131,TRUE,0.3475,FALSE
US Senate,Northfield 8,8.0,1540,307,Juliana Stratton,127,TRUE,0.4137,FALSE
US Senate,Northfield 9,9.0,790,213,Juliana Stratton,85,TRUE,0.3991,FALSE
US Senate,Northfield 10,10.0,1036,201,Juliana Stratton,88,TRUE,0.4378,FALSE
US Senate,Northfield 11,11.0,1494,283,Juliana Stratton,95,TRUE,0.3357,FALSE
US Senate,Northfield 12,12.0,1705,439,Juliana Stratton,153,TRUE,0.3485,FALSE
US Senate,Northfield 13,13.0,989,194,Juliana Stratton,67,TRUE,0.3454,FALSE
US Senate,Northfield 14,14.0,1063,209,Juliana Stratton,72,TRUE,0.3445,FALSE
US Senate,Northfield 15,15.0,1884,433,Juliana Stratton,193,TRUE,0.4457,FALSE
US Senate,Northfield 16,16.0,1222,238,Juliana Stratton,82,TRUE,0.3445,FALSE
US Senate,Northfield 17,17.0,1839,267,Juliana Stratton,94,TRUE,0.3521,FALSE
US Senate,Northfield 18,18.0,1382,312,Juliana Stratton,142,TRUE,0.4551,FALSE
US Senate,Northfield 19,19.0,1361,297,Juliana Stratton,110,TRUE,0.3704,FALSE
US Senate,Northfield 20,20.0,1070,256,Juliana Stratton,86,TRUE,0.3359,FALSE
US Senate,Northfield 21,21.0,1581,380,Juliana Stratton,150,TRUE,0.3947,FALSE
US Senate,Northfield 22,22.0,1160,251,Juliana Stratton,97,TRUE,0.3865,FALSE
US Senate,Northfield 23,23.0,860,179,Juliana Stratton,63,TRUE,0.352,FALSE
US Senate,Northfield 24,24.0,1013,251,Juliana Stratton,110,TRUE,0.4382,FALSE
US Senate,Northfield 25,25.0,1034,210,Juliana Stratton,91,TRUE,0.4333,FALSE
US Senate,Northfield 26,26.0,965,227,Juliana Stratton,97,TRUE,0.4273,FALSE
US Senate,Northfield 27,27.0,1495,209,Juliana Stratton,80,TRUE,0.3828,FALSE
US Senate,Northfield 28,28.0,2141,381,Juliana Stratton,168,TRUE,0.4409,FALSE
US Senate,Northfield 29,29.0,895,205,Juliana Stratton,98,TRUE,0.478,FALSE
US Senate,Northfield 30,30.0,1082,308,Juliana Stratton,105,TRUE,0.3409,FALSE
US Senate,Northfield 31,31.0,1413,260,Juliana Stratton,96,TRUE,0.3692,FALSE
US Senate,Northfield 32,32.0,1433,280,Juliana Stratton,127,TRUE,0.4536,FALSE
US Senate,Northfield 33,33.0,1078,94,Juliana Stratton,34,TRUE,0.3617,FALSE
US Senate,Northfield 34,34.0,776,193,Juliana Stratton,56,TRUE,0.2902,FALSE
US Senate,Northfield 35,35.0,1188,221,Juliana Stratton,99,TRUE,0.448,FALSE
US Senate,Northfield 36,36.0,1106,194,Juliana Stratton,82,TRUE,0.4227,FALSE
US Senate,Northfield 37,37.0,1254,369,Juliana Stratton,146,TRUE,0.3957,FALSE
US Senate,Northfield 38,38.0,903,200,Juliana Stratton,84,TRUE,0.42,FALSE
US Senate,Northfield 39,39.0,702,121,Juliana Stratton,40,TRUE,0.3306,FALSE
US Senate,Northfield 40,40.0,816,127,Juliana Stratton,51,TRUE,0.4016,FALSE
US Senate,Northfield 41,41.0,909,252,Juliana Stratton,94,TRUE,0.373,FALSE
US Senate,Northfield 42,42.0,1151,208,Juliana Stratton,63,TRUE,0.3029,FALSE
US Senate,Northfield 43,43.0,1183,238,Juliana Stratton,101,TRUE,0.4244,FALSE
US Senate,Northfield 44,44.0,811,200,Juliana Stratton,76,TRUE,0.38,FALSE
US Senate,Northfield 45,45.0,837,176,Juliana Stratton,53,TRUE,0.3011,FALSE
US Senate,Northfield 46,46.0,1441,259,Juliana Stratton,128,TRUE,0.4942,FALSE
US Senate,Northfield 47,47.0,1386,379,Juliana Stratton,126,TRUE,0.3325,FALSE
US Senate,Northfield 48,48.0,1015,210,Juliana Stratton,73,TRUE,0.3476,FALSE
US Senate,Northfield 49,49.0,1157,147,Juliana Stratton,45,TRUE,0.3061,FALSE
US Senate,Northfield 50,50.0,1439,226,Juliana Stratton,91,TRUE,0.4027,FALSE
US Senate,Northfield 51,51.0,3043,630,Juliana Stratton,236,TRUE,0.3746,FALSE
US Senate,Northfield 52,52.0,904,277,Juliana Stratton,109,TRUE,0.3935,FALSE
US Senate,Northfield 53,53.0,1073,263,Juliana Stratton,78,TRUE,0.2966,FALSE
US Senate,Northfield 54,54.0,1740,384,Juliana Stratton,131,TRUE,0.3411,FALSE
US Senate,Northfield 55,55.0,1015,274,Juliana Stratton,96,TRUE,0.3504,FALSE
US Senate,Northfield 56,56.0,1466,311,Juliana Stratton,119,TRUE,0.3826,FALSE
US Senate,Northfield 57,57.0,820,166,Juliana Stratton,77,TRUE,0.4639,FALSE
US Senate,Northfield 58,58.0,604,100,Juliana Stratton,32,TRUE,0.32,FALSE
US Senate,Northfield Township Results,,71612,14715,Juliana Stratton,5727,TRUE,0.3892,FALSE
US Senate,Northfield 1,1.0,1856,165,Raja Krishnamoorthi,55,FALSE,0.3333,FALSE
US Senate,Northfield 2,2.0,979,225,Raja Krishnamoorthi,72,FALSE,0.32,FALSE
US Senate,Northfield 3,3.0,1754,322,Raja Krishnamoorthi,142,FALSE,0.441,FALSE
US Senate,Northfield 4,4.0,1156,219,Raja Krishnamoorthi,78,FALSE,0.3562,FALSE
US Senate,Northfield 5,5.0,865,150,Raja Krishnamoorthi,53,FALSE,0.3533,FALSE
US Senate,Northfield 6,6.0,1160,248,Raja Krishnamoorthi,84,FALSE,0.3387,FALSE
US Senate,Northfield 7,7.0,1578,377,Raja Krishnamoorthi,167,FALSE,0.443,FALSE
US Senate,Northfield 8,8.0,1540,307,Raja Krishnamoorthi,128,FALSE,0.4169,FALSE
US Senate,Northfield 9,9.0,790,213,Raja Krishnamoorthi,80,FALSE,0.3756,FALSE
US Senate,Northfield 10,10.0,1036,201,Raja Krishnamoorthi,80,FALSE,0.398,FALSE
US Senate,Northfield 11,11.0,1494,283,Raja Krishnamoorthi,153,FALSE,0.5406,FALSE
US Senate,Northfield 12,12.0,1705,439,Raja Krishnamoorthi,191,FALSE,0.4351,FALSE
US Senate,Northfield 13,13.0,989,194,Raja Krishnamoorthi,87,FALSE,0.4485,FALSE
US Senate,Northfield 14,14.0,1063,209,Raja Krishnamoorthi,106,FALSE,0.5072,FALSE
US Senate,Northfield 15,15.0,1884,433,Raja Krishnamoorthi,175,FALSE,0.4042,FALSE
US Senate,Northfield 16,16.0,1222,238,Raja Krishnamoorthi,123,FALSE,0.5168,FALSE
US Senate,Northfield 17,17.0,1839,267,Raja Krishnamoorthi,128,FALSE,0.4794,FALSE
US Senate,Northfield 18,18.0,1382,312,Raja Krishnamoorthi,138,FALSE,0.4423,FALSE
US Senate,Northfield 19,19.0,1361,297,Raja Krishnamoorthi,135,FALSE,0.4545,FALSE
US Senate,Northfield 20,20.0,1070,256,Raja Krishnamoorthi,137,FALSE,0.5352,FALSE
US Senate,Northfield 21,21.0,1581,380,Raja Krishnamoorthi,154,FALSE,0.4053,FALSE
US Senate,Northfield 22,22.0,1160,251,Raja Krishnamoorthi,122,FALSE,0.4861,FALSE
US Senate,Northfield 23,23.0,860,179,Raja Krishnamoorthi,80,FALSE,0.4469,FALSE
US Senate,Northfield 24,24.0,1013,251,Raja Krishnamoorthi,84,FALSE,0.3347,FALSE
US Senate,Northfield 25,25.0,1034,210,Raja Krishnamoorthi,70,FALSE,0.3333,FALSE
US Senate,Northfield 26,26.0,965,227,Raja Krishnamoorthi,96,FALSE,0.4229,FALSE
US Senate,Northfield 27,27.0,1495,209,Raja Krishnamoorthi,75,FALSE,0.3589,FALSE
US Senate,Northfield 28,28.0,2141,381,Raja Krishnamoorthi,152,FALSE,0.399,FALSE
US Senate,Northfield 29,29.0,895,205,Raja Krishnamoorthi,74,FALSE,0.361,FALSE
US Senate,Northfield 30,30.0,1082,308,Raja Krishnamoorthi,144,FALSE,0.4675,FALSE
US Senate,Northfield 31,31.0,1413,260,Raja Krishnamoorthi,102,FALSE,0.3923,FALSE
US Senate,Northfield 32,32.0,1433,280,Raja Krishnamoorthi,112,FALSE,0.4,FALSE
US Senate,Northfield 33,33.0,1078,94,Raja Krishnamoorthi,34,FALSE,0.3617,FALSE
US Senate,Northfield 34,34.0,776,193,Raja Krishnamoorthi,120,FALSE,0.6218,FALSE
US Senate,Northfield 35,35.0,1188,221,Raja Krishnamoorthi,75,FALSE,0.3394,FALSE
US Senate,Northfield 36,36.0,1106,194,Raja Krishnamoorthi,89,FALSE,0.4588,FALSE
US Senate,Northfield 37,37.0,1254,369,Raja Krishnamoorthi,139,FALSE,0.3767,FALSE
US Senate,Northfield 38,38.0,903,200,Raja Krishnamoorthi,64,FALSE,0.32,FALSE
US Senate,Northfield 39,39.0,702,121,Raja Krishnamoorthi,50,FALSE,0.4132,FALSE
US Senate,Northfield 40,40.0,816,127,Raja Krishnamoorthi,57,FALSE,0.4488,FALSE
US Senate,Northfield 41,41.0,909,252,Raja Krishnamoorthi,126,FALSE,0.5,FALSE
US Senate,Northfield 42,42.0,1151,208,Raja Krishnamoorthi,118,FALSE,0.5673,FALSE
US Senate,Northfield 43,43.0,1183,238,Raja Krishnamoorthi,99,FALSE,0.416,FALSE
US Senate,Northfield 44,44.0,811,200,Raja Krishnamoorthi,98,FALSE,0.49,FALSE
US Senate,Northfield 45,45.0,837,176,Raja Krishnamoorthi,104,FALSE,0.5909,FALSE
US Senate,Northfield 46,46.0,1441,259,Raja Krishnamoorthi,98,FALSE,0.3784,FALSE
US Senate,Northfield 47,47.0,1386,379,Raja Krishnamoorthi,201,FALSE,0.5303,FALSE
US Senate,Northfield 48,48.0,1015,210,Raja Krishnamoorthi,98,FALSE,0.4667,FALSE
US Senate,Northfield 49,49.0,1157,147,Raja Krishnamoorthi,65,FALSE,0.4422,FALSE
US Senate,Northfield 50,50.0,1439,226,Raja Krishnamoorthi,99,FALSE,0.4381,FALSE
US Senate,Northfield 51,51.0,3043,630,Raja Krishnamoorthi,295,FALSE,0.4683,FALSE
US Senate,Northfield 52,52.0,904,277,Raja Krishnamoorthi,122,FALSE,0.4404,FALSE
US Senate,Northfield 53,53.0,1073,263,Raja Krishnamoorthi,146,FALSE,0.5551,FALSE
US Senate,Northfield 54,54.0,1740,384,Raja Krishnamoorthi,206,FALSE,0.5365,FALSE
US Senate,Northfield 55,55.0,1015,274,Raja Krishnamoorthi,144,FALSE,0.5255,FALSE
US Senate,Northfield 56,56.0,1466,311,Raja Krishnamoorthi,132,FALSE,0.4244,FALSE
US Senate,Northfield 57,57.0,820,166,Raja Krishnamoorthi,63,FALSE,0.3795,FALSE
US Senate,Northfield 58,58.0,604,100,Raja Krishnamoorthi,61,FALSE,0.61,FALSE
US Senate,Northfield Township Results,,71612,14715,Raja Krishnamoorthi,6480,FALSE,0.4404,FALSE
US Senate,Northfield 1,1.0,1856,165,Steve Botsford Jr.,0,FALSE,0.0,FALSE
US Senate,Northfield 2,2.0,979,225,Steve Botsford Jr.,0,FALSE,0.0,FALSE
US Senate,Northfield 3,3.0,1754,322,Steve Botsford Jr.,0,FALSE,0.0,FALSE
US Senate,Northfield 4,4.0,1156,219,Steve Botsford Jr.,0,FALSE,0.0,FALSE
US Senate,Northfield 5,5.0,865,150,Steve Botsford Jr.,0,FALSE,0.0,FALSE
US Senate,Northfield 6,6.0,1160,248,Steve Botsford Jr.,0,FALSE,0.0,FALSE
US Senate,Northfield 7,7.0,1578,377,Steve Botsford Jr.,1,FALSE,0.0027,FALSE
US Senate,Northfield 8,8.0,1540,307,Steve Botsford Jr.,0,FALSE,0.0,FALSE
US Senate,Northfield 9,9.0,790,213,Steve Botsford Jr.,1,FALSE,0.0047,FALSE
US Senate,Northfield 10,10.0,1036,201,Steve Botsford Jr.,1,FALSE,0.005,FALSE
US Senate,Northfield 11,11.0,1494,283,Steve Botsford Jr.,1,FALSE,0.0035,FALSE
US Senate,Northfield 12,12.0,1705,439,Steve Botsford Jr.,2,FALSE,0.0046,FALSE
US Senate,Northfield 13,13.0,989,194,Steve Botsford Jr.,2,FALSE,0.0103,FALSE
US Senate,Northfield 14,14.0,1063,209,Steve Botsford Jr.,0,FALSE,0.0,FALSE
US Senate,Northfield 15,15.0,1884,433,Steve Botsford Jr.,1,FALSE,0.0023,FALSE
US Senate,Northfield 16,16.0,1222,238,Steve Botsford Jr.,0,FALSE,0.0,FALSE
US Senate,Northfield 17,17.0,1839,267,Steve Botsford Jr.,0,FALSE,0.0,FALSE
US Senate,Northfield 18,18.0,1382,312,Steve Botsford Jr.,0,FALSE,0.0,FALSE
US Senate,Northfield 19,19.0,1361,297,Steve Botsford Jr.,4,FALSE,0.0135,FALSE
US Senate,Northfield 20,20.0,1070,256,Steve Botsford Jr.,0,FALSE,0.0,FALSE
US Senate,Northfield 21,21.0,1581,380,Steve Botsford Jr.,2,FALSE,0.0053,FALSE
US Senate,Northfield 22,22.0,1160,251,Steve Botsford Jr.,2,FALSE,0.008,FALSE
US Senate,Northfield 23,23.0,860,179,Steve Botsford Jr.,2,FALSE,0.0112,FALSE
US Senate,Northfield 24,24.0,1013,251,Steve Botsford Jr.,3,FALSE,0.012,FALSE
US Senate,Northfield 25,25.0,1034,210,Steve Botsford Jr.,0,FALSE,0.0,FALSE
US Senate,Northfield 26,26.0,965,227,Steve Botsford Jr.,1,FALSE,0.0044,FALSE
US Senate,Northfield 27,27.0,1495,209,Steve Botsford Jr.,1,FALSE,0.0048,FALSE
US Senate,Northfield 28,28.0,2141,381,Steve Botsford Jr.,4,FALSE,0.0105,FALSE
US Senate,Northfield 29,29.0,895,205,Steve Botsford Jr.,0,FALSE,0.0,FALSE
US Senate,Northfield 30,30.0,1082,308,Steve Botsford Jr.,2,FALSE,0.0065,FALSE
US Senate,Northfield 31,31.0,1413,260,Steve Botsford Jr.,0,FALSE,0.0,FALSE
US Senate,Northfield 32,32.0,1433,280,Steve Botsford Jr.,1,FALSE,0.0036,FALSE
US Senate,Northfield 33,33.0,1078,94,Steve Botsford Jr.,2,FALSE,0.0213,FALSE
US Senate,Northfield 34,34.0,776,193,Steve Botsford Jr.,0,FALSE,0.0,FALSE
US Senate,Northfield 35,35.0,1188,221,Steve Botsford Jr.,1,FALSE,0.0045,FALSE
US Senate,Northfield 36,36.0,1106,194,Steve Botsford Jr.,1,FALSE,0.0052,FALSE
US Senate,Northfield 37,37.0,1254,369,Steve Botsford Jr.,3,FALSE,0.0081,FALSE
US Senate,Northfield 38,38.0,903,200,Steve Botsford Jr.,2,FALSE,0.01,FALSE
US Senate,Northfield 39,39.0,702,121,Steve Botsford Jr.,0,FALSE,0.0,FALSE
US Senate,Northfield 40,40.0,816,127,Steve Botsford Jr.,0,FALSE,0.0,FALSE
US Senate,Northfield 41,41.0,909,252,Steve Botsford Jr.,0,FALSE,0.0,FALSE
US Senate,Northfield 42,42.0,1151,208,Steve Botsford Jr.,0,FALSE,0.0,FALSE
US Senate,Northfield 43,43.0,1183,238,Steve Botsford Jr.,0,FALSE,0.0,FALSE
US Senate,Northfield 44,44.0,811,200,Steve Botsford Jr.,1,FALSE,0.005,FALSE
US Senate,Northfield 45,45.0,837,176,Steve Botsford Jr.,1,FALSE,0.0057,FALSE
US Senate,Northfield 46,46.0,1441,259,Steve Botsford Jr.,0,FALSE,0.0,FALSE
US Senate,Northfield 47,47.0,1386,379,Steve Botsford Jr.,0,FALSE,0.0,FALSE
US Senate,Northfield 48,48.0,1015,210,Steve Botsford Jr.,1,FALSE,0.0048,FALSE
US Senate,Northfield 49,49.0,1157,147,Steve Botsford Jr.,0,FALSE,0.0,FALSE
US Senate,Northfield 50,50.0,1439,226,Steve Botsford Jr.,1,FALSE,0.0044,FALSE
US Senate,Northfield 51,51.0,3043,630,Steve Botsford Jr.,1,FALSE,0.0016,FALSE
US Senate,Northfield 52,52.0,904,277,Steve Botsford Jr.,2,FALSE,0.0072,FALSE
US Senate,Northfield 53,53.0,1073,263,Steve Botsford Jr.,1,FALSE,0.0038,FALSE
US Senate,Northfield 54,54.0,1740,384,Steve Botsford Jr.,2,FALSE,0.0052,FALSE
US Senate,Northfield 55,55.0,1015,274,Steve Botsford Jr.,0,FALSE,0.0,FALSE
US Senate,Northfield 56,56.0,1466,311,Steve Botsford Jr.,1,FALSE,0.0032,FALSE
US Senate,Northfield 57,57.0,820,166,Steve Botsford Jr.,0,FALSE,0.0,FALSE
US Senate,Northfield 58,58.0,604,100,Steve Botsford Jr.,0,FALSE,0.0,FALSE
US Senate,Northfield Township Results,,71612,14715,Steve Botsford Jr.,51,FALSE,0.0035,FALSE
US Senate,Northfield 1,1.0,1856,165,Bryan Maxwell,0,FALSE,0.0,FALSE
US Senate,Northfield 2,2.0,979,225,Bryan Maxwell,0,FALSE,0.0,FALSE
US Senate,Northfield 3,3.0,1754,322,Bryan Maxwell,0,FALSE,0.0,FALSE
US Senate,Northfield 4,4.0,1156,219,Bryan Maxwell,0,FALSE,0.0,FALSE
US Senate,Northfield 5,5.0,865,150,Bryan Maxwell,2,FALSE,0.0133,FALSE
US Senate,Northfield 6,6.0,1160,248,Bryan Maxwell,1,FALSE,0.004,FALSE
US Senate,Northfield 7,7.0,1578,377,Bryan Maxwell,1,FALSE,0.0027,FALSE
US Senate,Northfield 8,8.0,1540,307,Bryan Maxwell,1,FALSE,0.0033,FALSE
US Senate,Northfield 9,9.0,790,213,Bryan Maxwell,1,FALSE,0.0047,FALSE
US Senate,Northfield 10,10.0,1036,201,Bryan Maxwell,0,FALSE,0.0,FALSE
US Senate,Northfield 11,11.0,1494,283,Bryan Maxwell,2,FALSE,0.0071,FALSE
US Senate,Northfield 12,12.0,1705,439,Bryan Maxwell,2,FALSE,0.0046,FALSE
US Senate,Northfield 13,13.0,989,194,Bryan Maxwell,3,FALSE,0.0155,FALSE
US Senate,Northfield 14,14.0,1063,209,Bryan Maxwell,0,FALSE,0.0,FALSE
US Senate,Northfield 15,15.0,1884,433,Bryan Maxwell,4,FALSE,0.0092,FALSE
US Senate,Northfield 16,16.0,1222,238,Bryan Maxwell,1,FALSE,0.0042,FALSE
US Senate,Northfield 17,17.0,1839,267,Bryan Maxwell,2,FALSE,0.0075,FALSE
US Senate,Northfield 18,18.0,1382,312,Bryan Maxwell,2,FALSE,0.0064,FALSE
US Senate,Northfield 19,19.0,1361,297,Bryan Maxwell,1,FALSE,0.0034,FALSE
US Senate,Northfield 20,20.0,1070,256,Bryan Maxwell,0,FALSE,0.0,FALSE
US Senate,Northfield 21,21.0,1581,380,Bryan Maxwell,3,FALSE,0.0079,FALSE
US Senate,Northfield 22,22.0,1160,251,Bryan Maxwell,1,FALSE,0.004,FALSE
US Senate,Northfield 23,23.0,860,179,Bryan Maxwell,0,FALSE,0.0,FALSE
US Senate,Northfield 24,24.0,1013,251,Bryan Maxwell,1,FALSE,0.004,FALSE
US Senate,Northfield 25,25.0,1034,210,Bryan Maxwell,0,FALSE,0.0,FALSE
US Senate,Northfield 26,26.0,965,227,Bryan Maxwell,1,FALSE,0.0044,FALSE
US Senate,Northfield 27,27.0,1495,209,Bryan Maxwell,4,FALSE,0.0191,FALSE
US Senate,Northfield 28,28.0,2141,381,Bryan Maxwell,4,FALSE,0.0105,FALSE
US Senate,Northfield 29,29.0,895,205,Bryan Maxwell,0,FALSE,0.0,FALSE
US Senate,Northfield 30,30.0,1082,308,Bryan Maxwell,1,FALSE,0.0032,FALSE
US Senate,Northfield 31,31.0,1413,260,Bryan Maxwell,2,FALSE,0.0077,FALSE
US Senate,Northfield 32,32.0,1433,280,Bryan Maxwell,0,FALSE,0.0,FALSE
US Senate,Northfield 33,33.0,1078,94,Bryan Maxwell,1,FALSE,0.0106,FALSE
US Senate,Northfield 34,34.0,776,193,Bryan Maxwell,0,FALSE,0.0,FALSE
US Senate,Northfield 35,35.0,1188,221,Bryan Maxwell,0,FALSE,0.0,FALSE
US Senate,Northfield 36,36.0,1106,194,Bryan Maxwell,0,FALSE,0.0,FALSE
US Senate,Northfield 37,37.0,1254,369,Bryan Maxwell,0,FALSE,0.0,FALSE
US Senate,Northfield 38,38.0,903,200,Bryan Maxwell,0,FALSE,0.0,FALSE
US Senate,Northfield 39,39.0,702,121,Bryan Maxwell,1,FALSE,0.0083,FALSE
US Senate,Northfield 40,40.0,816,127,Bryan Maxwell,3,FALSE,0.0236,FALSE
US Senate,Northfield 41,41.0,909,252,Bryan Maxwell,2,FALSE,0.0079,FALSE
US Senate,Northfield 42,42.0,1151,208,Bryan Maxwell,1,FALSE,0.0048,FALSE
US Senate,Northfield 43,43.0,1183,238,Bryan Maxwell,0,FALSE,0.0,FALSE
US Senate,Northfield 44,44.0,811,200,Bryan Maxwell,0,FALSE,0.0,FALSE
US Senate,Northfield 45,45.0,837,176,Bryan Maxwell,1,FALSE,0.0057,FALSE
US Senate,Northfield 46,46.0,1441,259,Bryan Maxwell,2,FALSE,0.0077,FALSE
US Senate,Northfield 47,47.0,1386,379,Bryan Maxwell,0,FALSE,0.0,FALSE
US Senate,Northfield 48,48.0,1015,210,Bryan Maxwell,0,FALSE,0.0,FALSE
US Senate,Northfield 49,49.0,1157,147,Bryan Maxwell,1,FALSE,0.0068,FALSE
US Senate,Northfield 50,50.0,1439,226,Bryan Maxwell,0,FALSE,0.0,FALSE
US Senate,Northfield 51,51.0,3043,630,Bryan Maxwell,2,FALSE,0.0032,FALSE
US Senate,Northfield 52,52.0,904,277,Bryan Maxwell,1,FALSE,0.0036,FALSE
US Senate,Northfield 53,53.0,1073,263,Bryan Maxwell,0,FALSE,0.0,FALSE
US Senate,Northfield 54,54.0,1740,384,Bryan Maxwell,2,FALSE,0.0052,FALSE
US Senate,Northfield 55,55.0,1015,274,Bryan Maxwell,0,FALSE,0.0,FALSE
US Senate,Northfield 56,56.0,1466,311,Bryan Maxwell,0,FALSE,0.0,FALSE
US Senate,Northfield 57,57.0,820,166,Bryan Maxwell,1,FALSE,0.006,FALSE
US Senate,Northfield 58,58.0,604,100,Bryan Maxwell,0,FALSE,0.0,FALSE
US Senate,Northfield Township Results,,71612,14715,Bryan Maxwell,58,FALSE,0.0039,FALSE
US Senate,Northfield 1,1.0,1856,165,Jonathan Dean,1,FALSE,0.0061,FALSE
US Senate,Northfield 2,2.0,979,225,Jonathan Dean,0,FALSE,0.0,FALSE
US Senate,Northfield 3,3.0,1754,322,Jonathan Dean,0,FALSE,0.0,FALSE
US Senate,Northfield 4,4.0,1156,219,Jonathan Dean,0,FALSE,0.0,FALSE
US Senate,Northfield 5,5.0,865,150,Jonathan Dean,1,FALSE,0.0067,FALSE
US Senate,Northfield 6,6.0,1160,248,Jonathan Dean,0,FALSE,0.0,FALSE
US Senate,Northfield 7,7.0,1578,377,Jonathan Dean,1,FALSE,0.0027,FALSE
US Senate,Northfield 8,8.0,1540,307,Jonathan Dean,1,FALSE,0.0033,FALSE
US Senate,Northfield 9,9.0,790,213,Jonathan Dean,1,FALSE,0.0047,FALSE
US Senate,Northfield 10,10.0,1036,201,Jonathan Dean,2,FALSE,0.01,FALSE
US Senate,Northfield 11,11.0,1494,283,Jonathan Dean,2,FALSE,0.0071,FALSE
US Senate,Northfield 12,12.0,1705,439,Jonathan Dean,0,FALSE,0.0,FALSE
US Senate,Northfield 13,13.0,989,194,Jonathan Dean,2,FALSE,0.0103,FALSE
US Senate,Northfield 14,14.0,1063,209,Jonathan Dean,0,FALSE,0.0,FALSE
US Senate,Northfield 15,15.0,1884,433,Jonathan Dean,3,FALSE,0.0069,FALSE
US Senate,Northfield 16,16.0,1222,238,Jonathan Dean,1,FALSE,0.0042,FALSE
US Senate,Northfield 17,17.0,1839,267,Jonathan Dean,3,FALSE,0.0112,FALSE
US Senate,Northfield 18,18.0,1382,312,Jonathan Dean,0,FALSE,0.0,FALSE
US Senate,Northfield 19,19.0,1361,297,Jonathan Dean,1,FALSE,0.0034,FALSE
US Senate,Northfield 20,20.0,1070,256,Jonathan Dean,0,FALSE,0.0,FALSE
US Senate,Northfield 21,21.0,1581,380,Jonathan Dean,3,FALSE,0.0079,FALSE
US Senate,Northfield 22,22.0,1160,251,Jonathan Dean,0,FALSE,0.0,FALSE
US Senate,Northfield 23,23.0,860,179,Jonathan Dean,0,FALSE,0.0,FALSE
US Senate,Northfield 24,24.0,1013,251,Jonathan Dean,0,FALSE,0.0,FALSE
US Senate,Northfield 25,25.0,1034,210,Jonathan Dean,2,FALSE,0.0095,FALSE
US Senate,Northfield 26,26.0,965,227,Jonathan Dean,0,FALSE,0.0,FALSE
US Senate,Northfield 27,27.0,1495,209,Jonathan Dean,3,FALSE,0.0144,FALSE
US Senate,Northfield 28,28.0,2141,381,Jonathan Dean,0,FALSE,0.0,FALSE
US Senate,Northfield 29,29.0,895,205,Jonathan Dean,1,FALSE,0.0049,FALSE
US Senate,Northfield 30,30.0,1082,308,Jonathan Dean,2,FALSE,0.0065,FALSE
US Senate,Northfield 31,31.0,1413,260,Jonathan Dean,1,FALSE,0.0038,FALSE
US Senate,Northfield 32,32.0,1433,280,Jonathan Dean,6,FALSE,0.0214,FALSE
US Senate,Northfield 33,33.0,1078,94,Jonathan Dean,1,FALSE,0.0106,FALSE
US Senate,Northfield 34,34.0,776,193,Jonathan Dean,1,FALSE,0.0052,FALSE
US Senate,Northfield 35,35.0,1188,221,Jonathan Dean,2,FALSE,0.009,FALSE
US Senate,Northfield 36,36.0,1106,194,Jonathan Dean,2,FALSE,0.0103,FALSE
US Senate,Northfield 37,37.0,1254,369,Jonathan Dean,2,FALSE,0.0054,FALSE
US Senate,Northfield 38,38.0,903,200,Jonathan Dean,0,FALSE,0.0,FALSE
US Senate,Northfield 39,39.0,702,121,Jonathan Dean,0,FALSE,0.0,FALSE
US Senate,Northfield 40,40.0,816,127,Jonathan Dean,2,FALSE,0.0157,FALSE
US Senate,Northfield 41,41.0,909,252,Jonathan Dean,1,FALSE,0.004,FALSE
US Senate,Northfield 42,42.0,1151,208,Jonathan Dean,0,FALSE,0.0,FALSE
US Senate,Northfield 43,43.0,1183,238,Jonathan Dean,1,FALSE,0.0042,FALSE
US Senate,Northfield 44,44.0,811,200,Jonathan Dean,0,FALSE,0.0,FALSE
US Senate,Northfield 45,45.0,837,176,Jonathan Dean,0,FALSE,0.0,FALSE
US Senate,Northfield 46,46.0,1441,259,Jonathan Dean,0,FALSE,0.0,FALSE
US Senate,Northfield 47,47.0,1386,379,Jonathan Dean,1,FALSE,0.0026,FALSE
US Senate,Northfield 48,48.0,1015,210,Jonathan Dean,1,FALSE,0.0048,FALSE
US Senate,Northfield 49,49.0,1157,147,Jonathan Dean,0,FALSE,0.0,FALSE
US Senate,Northfield 50,50.0,1439,226,Jonathan Dean,0,FALSE,0.0,FALSE
US Senate,Northfield 51,51.0,3043,630,Jonathan Dean,2,FALSE,0.0032,FALSE
US Senate,Northfield 52,52.0,904,277,Jonathan Dean,0,FALSE,0.0,FALSE
US Senate,Northfield 53,53.0,1073,263,Jonathan Dean,0,FALSE,0.0,FALSE
US Senate,Northfield 54,54.0,1740,384,Jonathan Dean,1,FALSE,0.0026,FALSE
US Senate,Northfield 55,55.0,1015,274,Jonathan Dean,1,FALSE,0.0036,FALSE
US Senate,Northfield 56,56.0,1466,311,Jonathan Dean,1,FALSE,0.0032,FALSE
US Senate,Northfield 57,57.0,820,166,Jonathan Dean,0,FALSE,0.0,FALSE
US Senate,Northfield 58,58.0,604,100,Jonathan Dean,0,FALSE,0.0,FALSE
US Senate,Northfield Township Results,,71612,14715,Jonathan Dean,56,FALSE,0.0038,FALSE
US Senate,Northfield 1,1.0,1856,165,Sean Brown,0,FALSE,0.0,FALSE
US Senate,Northfield 2,2.0,979,225,Sean Brown,0,FALSE,0.0,FALSE
US Senate,Northfield 3,3.0,1754,322,Sean Brown,1,FALSE,0.0031,FALSE
US Senate,Northfield 4,4.0,1156,219,Sean Brown,2,FALSE,0.0091,FALSE
US Senate,Northfield 5,5.0,865,150,Sean Brown,2,FALSE,0.0133,FALSE
US Senate,Northfield 6,6.0,1160,248,Sean Brown,1,FALSE,0.004,FALSE
US Senate,Northfield 7,7.0,1578,377,Sean Brown,0,FALSE,0.0,FALSE
US Senate,Northfield 8,8.0,1540,307,Sean Brown,1,FALSE,0.0033,FALSE
US Senate,Northfield 9,9.0,790,213,Sean Brown,0,FALSE,0.0,FALSE
US Senate,Northfield 10,10.0,1036,201,Sean Brown,0,FALSE,0.0,FALSE
US Senate,Northfield 11,11.0,1494,283,Sean Brown,0,FALSE,0.0,FALSE
US Senate,Northfield 12,12.0,1705,439,Sean Brown,0,FALSE,0.0,FALSE
US Senate,Northfield 13,13.0,989,194,Sean Brown,0,FALSE,0.0,FALSE
US Senate,Northfield 14,14.0,1063,209,Sean Brown,0,FALSE,0.0,FALSE
US Senate,Northfield 15,15.0,1884,433,Sean Brown,2,FALSE,0.0046,FALSE
US Senate,Northfield 16,16.0,1222,238,Sean Brown,0,FALSE,0.0,FALSE
US Senate,Northfield 17,17.0,1839,267,Sean Brown,0,FALSE,0.0,FALSE
US Senate,Northfield 18,18.0,1382,312,Sean Brown,0,FALSE,0.0,FALSE
US Senate,Northfield 19,19.0,1361,297,Sean Brown,1,FALSE,0.0034,FALSE
US Senate,Northfield 20,20.0,1070,256,Sean Brown,1,FALSE,0.0039,FALSE
US Senate,Northfield 21,21.0,1581,380,Sean Brown,1,FALSE,0.0026,FALSE
US Senate,Northfield 22,22.0,1160,251,Sean Brown,1,FALSE,0.004,FALSE
US Senate,Northfield 23,23.0,860,179,Sean Brown,0,FALSE,0.0,FALSE
US Senate,Northfield 24,24.0,1013,251,Sean Brown,1,FALSE,0.004,FALSE
US Senate,Northfield 25,25.0,1034,210,Sean Brown,1,FALSE,0.0048,FALSE
US Senate,Northfield 26,26.0,965,227,Sean Brown,1,FALSE,0.0044,FALSE
US Senate,Northfield 27,27.0,1495,209,Sean Brown,0,FALSE,0.0,FALSE
US Senate,Northfield 28,28.0,2141,381,Sean Brown,1,FALSE,0.0026,FALSE
US Senate,Northfield 29,29.0,895,205,Sean Brown,0,FALSE,0.0,FALSE
US Senate,Northfield 30,30.0,1082,308,Sean Brown,2,FALSE,0.0065,FALSE
US Senate,Northfield 31,31.0,1413,260,Sean Brown,0,FALSE,0.0,FALSE
US Senate,Northfield 32,32.0,1433,280,Sean Brown,0,FALSE,0.0,FALSE
US Senate,Northfield 33,33.0,1078,94,Sean Brown,1,FALSE,0.0106,FALSE
US Senate,Northfield 34,34.0,776,193,Sean Brown,0,FALSE,0.0,FALSE
US Senate,Northfield 35,35.0,1188,221,Sean Brown,1,FALSE,0.0045,FALSE
US Senate,Northfield 36,36.0,1106,194,Sean Brown,0,FALSE,0.0,FALSE
US Senate,Northfield 37,37.0,1254,369,Sean Brown,1,FALSE,0.0027,FALSE
US Senate,Northfield 38,38.0,903,200,Sean Brown,1,FALSE,0.005,FALSE
US Senate,Northfield 39,39.0,702,121,Sean Brown,1,FALSE,0.0083,FALSE
US Senate,Northfield 40,40.0,816,127,Sean Brown,1,FALSE,0.0079,FALSE
US Senate,Northfield 41,41.0,909,252,Sean Brown,1,FALSE,0.004,FALSE
US Senate,Northfield 42,42.0,1151,208,Sean Brown,0,FALSE,0.0,FALSE
US Senate,Northfield 43,43.0,1183,238,Sean Brown,0,FALSE,0.0,FALSE
US Senate,Northfield 44,44.0,811,200,Sean Brown,0,FALSE,0.0,FALSE
US Senate,Northfield 45,45.0,837,176,Sean Brown,0,FALSE,0.0,FALSE
US Senate,Northfield 46,46.0,1441,259,Sean Brown,0,FALSE,0.0,FALSE
US Senate,Northfield 47,47.0,1386,379,Sean Brown,0,FALSE,0.0,FALSE
US Senate,Northfield 48,48.0,1015,210,Sean Brown,0,FALSE,0.0,FALSE
US Senate,Northfield 49,49.0,1157,147,Sean Brown,0,FALSE,0.0,FALSE
US Senate,Northfield 50,50.0,1439,226,Sean Brown,2,FALSE,0.0088,FALSE
US Senate,Northfield 51,51.0,3043,630,Sean Brown,2,FALSE,0.0032,FALSE
US Senate,Northfield 52,52.0,904,277,Sean Brown,1,FALSE,0.0036,FALSE
US Senate,Northfield 53,53.0,1073,263,Sean Brown,0,FALSE,0.0,FALSE
US Senate,Northfield 54,54.0,1740,384,Sean Brown,0,FALSE,0.0,FALSE
US Senate,Northfield 55,55.0,1015,274,Sean Brown,0,FALSE,0.0,FALSE
US Senate,Northfield 56,56.0,1466,311,Sean Brown,5,FALSE,0.0161,FALSE
US Senate,Northfield 57,57.0,820,166,Sean Brown,0,FALSE,0.0,FALSE
US Senate,Northfield 58,58.0,604,100,Sean Brown,0,FALSE,0.0,FALSE
US Senate,Northfield Township Results,,71612,14715,Sean Brown,36,FALSE,0.0024,FALSE
US Senate,Northfield 1,1.0,1856,165,Awisi A. Bustos,1,FALSE,0.0061,FALSE
US Senate,Northfield 2,2.0,979,225,Awisi A. Bustos,0,FALSE,0.0,FALSE
US Senate,Northfield 3,3.0,1754,322,Awisi A. Bustos,1,FALSE,0.0031,FALSE
US Senate,Northfield 4,4.0,1156,219,Awisi A. Bustos,0,FALSE,0.0,FALSE
US Senate,Northfield 5,5.0,865,150,Awisi A. Bustos,0,FALSE,0.0,FALSE
US Senate,Northfield 6,6.0,1160,248,Awisi A. Bustos,1,FALSE,0.004,FALSE
US Senate,Northfield 7,7.0,1578,377,Awisi A. Bustos,4,FALSE,0.0106,FALSE
US Senate,Northfield 8,8.0,1540,307,Awisi A. Bustos,2,FALSE,0.0065,FALSE
US Senate,Northfield 9,9.0,790,213,Awisi A. Bustos,0,FALSE,0.0,FALSE
US Senate,Northfield 10,10.0,1036,201,Awisi A. Bustos,1,FALSE,0.005,FALSE
US Senate,Northfield 11,11.0,1494,283,Awisi A. Bustos,0,FALSE,0.0,FALSE
US Senate,Northfield 12,12.0,1705,439,Awisi A. Bustos,0,FALSE,0.0,FALSE
US Senate,Northfield 13,13.0,989,194,Awisi A. Bustos,0,FALSE,0.0,FALSE
US Senate,Northfield 14,14.0,1063,209,Awisi A. Bustos,0,FALSE,0.0,FALSE
US Senate,Northfield 15,15.0,1884,433,Awisi A. Bustos,1,FALSE,0.0023,FALSE
US Senate,Northfield 16,16.0,1222,238,Awisi A. Bustos,1,FALSE,0.0042,FALSE
US Senate,Northfield 17,17.0,1839,267,Awisi A. Bustos,2,FALSE,0.0075,FALSE
US Senate,Northfield 18,18.0,1382,312,Awisi A. Bustos,0,FALSE,0.0,FALSE
US Senate,Northfield 19,19.0,1361,297,Awisi A. Bustos,0,FALSE,0.0,FALSE
US Senate,Northfield 20,20.0,1070,256,Awisi A. Bustos,1,FALSE,0.0039,FALSE
US Senate,Northfield 21,21.0,1581,380,Awisi A. Bustos,1,FALSE,0.0026,FALSE
US Senate,Northfield 22,22.0,1160,251,Awisi A. Bustos,1,FALSE,0.004,FALSE
US Senate,Northfield 23,23.0,860,179,Awisi A. Bustos,0,FALSE,0.0,FALSE
US Senate,Northfield 24,24.0,1013,251,Awisi A. Bustos,0,FALSE,0.0,FALSE
US Senate,Northfield 25,25.0,1034,210,Awisi A. Bustos,1,FALSE,0.0048,FALSE
US Senate,Northfield 26,26.0,965,227,Awisi A. Bustos,0,FALSE,0.0,FALSE
US Senate,Northfield 27,27.0,1495,209,Awisi A. Bustos,0,FALSE,0.0,FALSE
US Senate,Northfield 28,28.0,2141,381,Awisi A. Bustos,0,FALSE,0.0,FALSE
US Senate,Northfield 29,29.0,895,205,Awisi A. Bustos,0,FALSE,0.0,FALSE
US Senate,Northfield 30,30.0,1082,308,Awisi A. Bustos,1,FALSE,0.0032,FALSE
US Senate,Northfield 31,31.0,1413,260,Awisi A. Bustos,0,FALSE,0.0,FALSE
US Senate,Northfield 32,32.0,1433,280,Awisi A. Bustos,0,FALSE,0.0,FALSE
US Senate,Northfield 33,33.0,1078,94,Awisi A. Bustos,0,FALSE,0.0,FALSE
US Senate,Northfield 34,34.0,776,193,Awisi A. Bustos,0,FALSE,0.0,FALSE
US Senate,Northfield 35,35.0,1188,221,Awisi A. Bustos,1,FALSE,0.0045,FALSE
US Senate,Northfield 36,36.0,1106,194,Awisi A. Bustos,1,FALSE,0.0052,FALSE
US Senate,Northfield 37,37.0,1254,369,Awisi A. Bustos,2,FALSE,0.0054,FALSE
US Senate,Northfield 38,38.0,903,200,Awisi A. Bustos,1,FALSE,0.005,FALSE
US Senate,Northfield 39,39.0,702,121,Awisi A. Bustos,0,FALSE,0.0,FALSE
US Senate,Northfield 40,40.0,816,127,Awisi A. Bustos,1,FALSE,0.0079,FALSE
US Senate,Northfield 41,41.0,909,252,Awisi A. Bustos,1,FALSE,0.004,FALSE
US Senate,Northfield 42,42.0,1151,208,Awisi A. Bustos,0,FALSE,0.0,FALSE
US Senate,Northfield 43,43.0,1183,238,Awisi A. Bustos,1,FALSE,0.0042,FALSE
US Senate,Northfield 44,44.0,811,200,Awisi A. Bustos,1,FALSE,0.005,FALSE
US Senate,Northfield 45,45.0,837,176,Awisi A. Bustos,0,FALSE,0.0,FALSE
US Senate,Northfield 46,46.0,1441,259,Awisi A. Bustos,0,FALSE,0.0,FALSE
US Senate,Northfield 47,47.0,1386,379,Awisi A. Bustos,0,FALSE,0.0,FALSE
US Senate,Northfield 48,48.0,1015,210,Awisi A. Bustos,1,FALSE,0.0048,FALSE
US Senate,Northfield 49,49.0,1157,147,Awisi A. Bustos,0,FALSE,0.0,FALSE
US Senate,Northfield 50,50.0,1439,226,Awisi A. Bustos,0,FALSE,0.0,FALSE
US Senate,Northfield 51,51.0,3043,630,Awisi A. Bustos,1,FALSE,0.0016,FALSE
US Senate,Northfield 52,52.0,904,277,Awisi A. Bustos,1,FALSE,0.0036,FALSE
US Senate,Northfield 53,53.0,1073,263,Awisi A. Bustos,0,FALSE,0.0,FALSE
US Senate,Northfield 54,54.0,1740,384,Awisi A. Bustos,0,FALSE,0.0,FALSE
US Senate,Northfield 55,55.0,1015,274,Awisi A. Bustos,1,FALSE,0.0036,FALSE
US Senate,Northfield 56,56.0,1466,311,Awisi A. Bustos,1,FALSE,0.0032,FALSE
US Senate,Northfield 57,57.0,820,166,Awisi A. Bustos,0,FALSE,0.0,FALSE
US Senate,Northfield 58,58.0,604,100,Awisi A. Bustos,0,FALSE,0.0,FALSE
US Senate,Northfield Township Results,,71612,14715,Awisi A. Bustos,33,FALSE,0.0022,FALSE
US Senate,Northfield 1,1.0,1856,165,Christopher Swann,2,FALSE,0.0121,FALSE
US Senate,Northfield 2,2.0,979,225,Christopher Swann,0,FALSE,0.0,FALSE
US Senate,Northfield 3,3.0,1754,322,Christopher Swann,0,FALSE,0.0,FALSE
US Senate,Northfield 4,4.0,1156,219,Christopher Swann,1,FALSE,0.0046,FALSE
US Senate,Northfield 5,5.0,865,150,Christopher Swann,0,FALSE,0.0,FALSE
US Senate,Northfield 6,6.0,1160,248,Christopher Swann,1,FALSE,0.004,FALSE
US Senate,Northfield 7,7.0,1578,377,Christopher Swann,1,FALSE,0.0027,FALSE
US Senate,Northfield 8,8.0,1540,307,Christopher Swann,3,FALSE,0.0098,FALSE
US Senate,Northfield 9,9.0,790,213,Christopher Swann,3,FALSE,0.0141,FALSE
US Senate,Northfield 10,10.0,1036,201,Christopher Swann,0,FALSE,0.0,FALSE
US Senate,Northfield 11,11.0,1494,283,Christopher Swann,0,FALSE,0.0,FALSE
US Senate,Northfield 12,12.0,1705,439,Christopher Swann,2,FALSE,0.0046,FALSE
US Senate,Northfield 13,13.0,989,194,Christopher Swann,0,FALSE,0.0,FALSE
US Senate,Northfield 14,14.0,1063,209,Christopher Swann,0,FALSE,0.0,FALSE
US Senate,Northfield 15,15.0,1884,433,Christopher Swann,0,FALSE,0.0,FALSE
US Senate,Northfield 16,16.0,1222,238,Christopher Swann,0,FALSE,0.0,FALSE
US Senate,Northfield 17,17.0,1839,267,Christopher Swann,1,FALSE,0.0037,FALSE
US Senate,Northfield 18,18.0,1382,312,Christopher Swann,1,FALSE,0.0032,FALSE
US Senate,Northfield 19,19.0,1361,297,Christopher Swann,3,FALSE,0.0101,FALSE
US Senate,Northfield 20,20.0,1070,256,Christopher Swann,1,FALSE,0.0039,FALSE
US Senate,Northfield 21,21.0,1581,380,Christopher Swann,0,FALSE,0.0,FALSE
US Senate,Northfield 22,22.0,1160,251,Christopher Swann,2,FALSE,0.008,FALSE
US Senate,Northfield 23,23.0,860,179,Christopher Swann,2,FALSE,0.0112,FALSE
US Senate,Northfield 24,24.0,1013,251,Christopher Swann,3,FALSE,0.012,FALSE
US Senate,Northfield 25,25.0,1034,210,Christopher Swann,0,FALSE,0.0,FALSE
US Senate,Northfield 26,26.0,965,227,Christopher Swann,0,FALSE,0.0,FALSE
US Senate,Northfield 27,27.0,1495,209,Christopher Swann,1,FALSE,0.0048,FALSE
US Senate,Northfield 28,28.0,2141,381,Christopher Swann,2,FALSE,0.0052,FALSE
US Senate,Northfield 29,29.0,895,205,Christopher Swann,4,FALSE,0.0195,FALSE
US Senate,Northfield 30,30.0,1082,308,Christopher Swann,2,FALSE,0.0065,FALSE
US Senate,Northfield 31,31.0,1413,260,Christopher Swann,1,FALSE,0.0038,FALSE
US Senate,Northfield 32,32.0,1433,280,Christopher Swann,2,FALSE,0.0071,FALSE
US Senate,Northfield 33,33.0,1078,94,Christopher Swann,1,FALSE,0.0106,FALSE
US Senate,Northfield 34,34.0,776,193,Christopher Swann,0,FALSE,0.0,FALSE
US Senate,Northfield 35,35.0,1188,221,Christopher Swann,1,FALSE,0.0045,FALSE
US Senate,Northfield 36,36.0,1106,194,Christopher Swann,0,FALSE,0.0,FALSE
US Senate,Northfield 37,37.0,1254,369,Christopher Swann,2,FALSE,0.0054,FALSE
US Senate,Northfield 38,38.0,903,200,Christopher Swann,0,FALSE,0.0,FALSE
US Senate,Northfield 39,39.0,702,121,Christopher Swann,0,FALSE,0.0,FALSE
US Senate,Northfield 40,40.0,816,127,Christopher Swann,0,FALSE,0.0,FALSE
US Senate,Northfield 41,41.0,909,252,Christopher Swann,1,FALSE,0.004,FALSE
US Senate,Northfield 42,42.0,1151,208,Christopher Swann,1,FALSE,0.0048,FALSE
US Senate,Northfield 43,43.0,1183,238,Christopher Swann,1,FALSE,0.0042,FALSE
US Senate,Northfield 44,44.0,811,200,Christopher Swann,0,FALSE,0.0,FALSE
US Senate,Northfield 45,45.0,837,176,Christopher Swann,0,FALSE,0.0,FALSE
US Senate,Northfield 46,46.0,1441,259,Christopher Swann,1,FALSE,0.0039,FALSE
US Senate,Northfield 47,47.0,1386,379,Christopher Swann,0,FALSE,0.0,FALSE
US Senate,Northfield 48,48.0,1015,210,Christopher Swann,0,FALSE,0.0,FALSE
US Senate,Northfield 49,49.0,1157,147,Christopher Swann,1,FALSE,0.0068,FALSE
US Senate,Northfield 50,50.0,1439,226,Christopher Swann,0,FALSE,0.0,FALSE
US Senate,Northfield 51,51.0,3043,630,Christopher Swann,5,FALSE,0.0079,FALSE
US Senate,Northfield 52,52.0,904,277,Christopher Swann,0,FALSE,0.0,FALSE
US Senate,Northfield 53,53.0,1073,263,Christopher Swann,0,FALSE,0.0,FALSE
US Senate,Northfield 54,54.0,1740,384,Christopher Swann,3,FALSE,0.0078,FALSE
US Senate,Northfield 55,55.0,1015,274,Christopher Swann,0,FALSE,0.0,FALSE
US Senate,Northfield 56,56.0,1466,311,Christopher Swann,1,FALSE,0.0032,FALSE
US Senate,Northfield 57,57.0,820,166,Christopher Swann,0,FALSE,0.0,FALSE
US Senate,Northfield 58,58.0,604,100,Christopher Swann,0,FALSE,0.0,FALSE
US Senate,Northfield Township Results,,71612,14715,Christopher Swann,56,FALSE,0.0038,FALSE
9th Congressional District,Northfield 4,4.0,1156,226,Daniel Biss,57,FALSE,0.2522,FALSE
9th Congressional District,Northfield 5,5.0,865,154,Daniel Biss,55,FALSE,0.3571,FALSE
9th Congressional District,Northfield 6,6.0,1160,261,Daniel Biss,68,FALSE,0.2605,FALSE
9th Congressional District,Northfield 7,7.0,1578,389,Daniel Biss,106,FALSE,0.2725,FALSE
9th Congressional District,Northfield 8,8.0,1540,233,Daniel Biss,68,FALSE,0.2918,FALSE
9th Congressional District,Northfield 9,9.0,790,217,Daniel Biss,53,FALSE,0.2442,FALSE
9th Congressional District,Northfield 10,10.0,1036,201,Daniel Biss,58,FALSE,0.2886,FALSE
9th Congressional District,Northfield 12,12.0,1705,448,Daniel Biss,131,FALSE,0.2924,FALSE
9th Congressional District,Northfield 13,13.0,989,208,Daniel Biss,38,FALSE,0.1827,FALSE
9th Congressional District,Northfield 19,19.0,1361,304,Daniel Biss,80,FALSE,0.2632,FALSE
9th Congressional District,Northfield 20,20.0,1070,263,Daniel Biss,90,FALSE,0.3422,FALSE
9th Congressional District,Northfield 21,21.0,1581,388,Daniel Biss,109,FALSE,0.2809,FALSE
9th Congressional District,Northfield 23,23.0,860,184,Daniel Biss,55,FALSE,0.2989,FALSE
9th Congressional District,Northfield 24,24.0,1013,258,Daniel Biss,81,FALSE,0.314,FALSE
9th Congressional District,Northfield 25,25.0,1034,212,Daniel Biss,39,FALSE,0.184,FALSE
9th Congressional District,Northfield 27,27.0,1495,212,Daniel Biss,48,FALSE,0.2264,FALSE
9th Congressional District,Northfield 30,30.0,1082,315,Daniel Biss,89,FALSE,0.2825,FALSE
9th Congressional District,Northfield 31,31.0,1413,276,Daniel Biss,70,FALSE,0.2536,FALSE
9th Congressional District,Northfield 33,33.0,1078,54,Daniel Biss,15,FALSE,0.2778,FALSE
9th Congressional District,Northfield 35,35.0,1188,230,Daniel Biss,56,FALSE,0.2435,FALSE
9th Congressional District,Northfield 37,37.0,1254,385,Daniel Biss,103,FALSE,0.2675,FALSE
9th Congressional District,Northfield 38,38.0,903,205,Daniel Biss,46,FALSE,0.2244,FALSE
9th Congressional District,Northfield 39,39.0,702,124,Daniel Biss,33,FALSE,0.2661,FALSE
9th Congressional District,Northfield 41,41.0,909,261,Daniel Biss,62,FALSE,0.2375,FALSE
9th Congressional District,Northfield 42,42.0,1151,216,Daniel Biss,57,FALSE,0.2639,FALSE
9th Congressional District,Northfield 43,43.0,1183,5,Daniel Biss,2,FALSE,0.4,FALSE
9th Congressional District,Northfield 44,44.0,811,205,Daniel Biss,74,FALSE,0.361,FALSE
9th Congressional District,Northfield 45,45.0,837,182,Daniel Biss,46,FALSE,0.2527,FALSE
9th Congressional District,Northfield 48,48.0,1015,215,Daniel Biss,51,FALSE,0.2372,FALSE
9th Congressional District,Northfield 49,49.0,1157,157,Daniel Biss,39,FALSE,0.2484,FALSE
9th Congressional District,Northfield 51,51.0,3043,648,Daniel Biss,146,FALSE,0.2253,FALSE
9th Congressional District,Northfield 52,52.0,904,285,Daniel Biss,67,FALSE,0.2351,FALSE
9th Congressional District,Northfield 53,53.0,1073,275,Daniel Biss,63,FALSE,0.2291,FALSE
9th Congressional District,Northfield 56,56.0,1466,319,Daniel Biss,99,FALSE,0.3103,FALSE
9th Congressional District,Northfield 57,57.0,820,176,Daniel Biss,35,FALSE,0.1989,FALSE
9th Congressional District,Northfield Township Results,,41222,8691,Daniel Biss,2289,FALSE,0.2634,FALSE
9th Congressional District,Northfield 4,4.0,1156,226,Justin Ford,0,FALSE,0.0,FALSE
9th Congressional District,Northfield 5,5.0,865,154,Justin Ford,0,FALSE,0.0,FALSE
9th Congressional District,Northfield 6,6.0,1160,261,Justin Ford,0,FALSE,0.0,FALSE
9th Congressional District,Northfield 7,7.0,1578,389,Justin Ford,1,FALSE,0.0026,FALSE
9th Congressional District,Northfield 8,8.0,1540,233,Justin Ford,0,FALSE,0.0,FALSE
9th Congressional District,Northfield 9,9.0,790,217,Justin Ford,0,FALSE,0.0,FALSE
9th Congressional District,Northfield 10,10.0,1036,201,Justin Ford,3,FALSE,0.0149,FALSE
9th Congressional District,Northfield 12,12.0,1705,448,Justin Ford,2,FALSE,0.0045,FALSE
9th Congressional District,Northfield 13,13.0,989,208,Justin Ford,3,FALSE,0.0144,FALSE
9th Congressional District,Northfield 19,19.0,1361,304,Justin Ford,1,FALSE,0.0033,FALSE
9th Congressional District,Northfield 20,20.0,1070,263,Justin Ford,1,FALSE,0.0038,FALSE
9th Congressional District,Northfield 21,21.0,1581,388,Justin Ford,1,FALSE,0.0026,FALSE
9th Congressional District,Northfield 23,23.0,860,184,Justin Ford,0,FALSE,0.0,FALSE
9th Congressional District,Northfield 24,24.0,1013,258,Justin Ford,0,FALSE,0.0,FALSE
9th Congressional District,Northfield 25,25.0,1034,212,Justin Ford,1,FALSE,0.0047,FALSE
9th Congressional District,Northfield 27,27.0,1495,212,Justin Ford,2,FALSE,0.0094,FALSE
9th Congressional District,Northfield 30,30.0,1082,315,Justin Ford,0,FALSE,0.0,FALSE
9th Congressional District,Northfield 31,31.0,1413,276,Justin Ford,3,FALSE,0.0109,FALSE
9th Congressional District,Northfield 33,33.0,1078,54,Justin Ford,0,FALSE,0.0,FALSE
9th Congressional District,Northfield 35,35.0,1188,230,Justin Ford,0,FALSE,0.0,FALSE
9th Congressional District,Northfield 37,37.0,1254,385,Justin Ford,2,FALSE,0.0052,FALSE
9th Congressional District,Northfield 38,38.0,903,205,Justin Ford,0,FALSE,0.0,FALSE
9th Congressional District,Northfield 39,39.0,702,124,Justin Ford,0,FALSE,0.0,FALSE
9th Congressional District,Northfield 41,41.0,909,261,Justin Ford,0,FALSE,0.0,FALSE
9th Congressional District,Northfield 42,42.0,1151,216,Justin Ford,0,FALSE,0.0,FALSE
9th Congressional District,Northfield 43,43.0,1183,5,Justin Ford,0,FALSE,0.0,FALSE
9th Congressional District,Northfield 44,44.0,811,205,Justin Ford,0,FALSE,0.0,FALSE
9th Congressional District,Northfield 45,45.0,837,182,Justin Ford,0,FALSE,0.0,FALSE
9th Congressional District,Northfield 48,48.0,1015,215,Justin Ford,0,FALSE,0.0,FALSE
9th Congressional District,Northfield 49,49.0,1157,157,Justin Ford,1,FALSE,0.0064,FALSE
9th Congressional District,Northfield 51,51.0,3043,648,Justin Ford,2,FALSE,0.0031,FALSE
9th Congressional District,Northfield 52,52.0,904,285,Justin Ford,1,FALSE,0.0035,FALSE
9th Congressional District,Northfield 53,53.0,1073,275,Justin Ford,0,FALSE,0.0,FALSE
9th Congressional District,Northfield 56,56.0,1466,319,Justin Ford,0,FALSE,0.0,FALSE
9th Congressional District,Northfield 57,57.0,820,176,Justin Ford,1,FALSE,0.0057,FALSE
9th Congressional District,Northfield Township Results,,41222,8691,Justin Ford,25,FALSE,0.0029,FALSE
9th Congressional District,Northfield 4,4.0,1156,226,Mike Simmons,0,FALSE,0.0,FALSE
9th Congressional District,Northfield 5,5.0,865,154,Mike Simmons,4,FALSE,0.026,FALSE
9th Congressional District,Northfield 6,6.0,1160,261,Mike Simmons,3,FALSE,0.0115,FALSE
9th Congressional District,Northfield 7,7.0,1578,389,Mike Simmons,7,FALSE,0.018,FALSE
9th Congressional District,Northfield 8,8.0,1540,233,Mike Simmons,3,FALSE,0.0129,FALSE
9th Congressional District,Northfield 9,9.0,790,217,Mike Simmons,1,FALSE,0.0046,FALSE
9th Congressional District,Northfield 10,10.0,1036,201,Mike Simmons,4,FALSE,0.0199,FALSE
9th Congressional District,Northfield 12,12.0,1705,448,Mike Simmons,3,FALSE,0.0067,FALSE
9th Congressional District,Northfield 13,13.0,989,208,Mike Simmons,0,FALSE,0.0,FALSE
9th Congressional District,Northfield 19,19.0,1361,304,Mike Simmons,1,FALSE,0.0033,FALSE
9th Congressional District,Northfield 20,20.0,1070,263,Mike Simmons,2,FALSE,0.0076,FALSE
9th Congressional District,Northfield 21,21.0,1581,388,Mike Simmons,0,FALSE,0.0,FALSE
9th Congressional District,Northfield 23,23.0,860,184,Mike Simmons,1,FALSE,0.0054,FALSE
9th Congressional District,Northfield 24,24.0,1013,258,Mike Simmons,3,FALSE,0.0116,FALSE
9th Congressional District,Northfield 25,25.0,1034,212,Mike Simmons,1,FALSE,0.0047,FALSE
9th Congressional District,Northfield 27,27.0,1495,212,Mike Simmons,6,FALSE,0.0283,FALSE
9th Congressional District,Northfield 30,30.0,1082,315,Mike Simmons,0,FALSE,0.0,FALSE
9th Congressional District,Northfield 31,31.0,1413,276,Mike Simmons,0,FALSE,0.0,FALSE
9th Congressional District,Northfield 33,33.0,1078,54,Mike Simmons,1,FALSE,0.0185,FALSE
9th Congressional District,Northfield 35,35.0,1188,230,Mike Simmons,2,FALSE,0.0087,FALSE
9th Congressional District,Northfield 37,37.0,1254,385,Mike Simmons,1,FALSE,0.0026,FALSE
9th Congressional District,Northfield 38,38.0,903,205,Mike Simmons,4,FALSE,0.0195,FALSE
9th Congressional District,Northfield 39,39.0,702,124,Mike Simmons,0,FALSE,0.0,FALSE
9th Congressional District,Northfield 41,41.0,909,261,Mike Simmons,0,FALSE,0.0,FALSE
9th Congressional District,Northfield 42,42.0,1151,216,Mike Simmons,2,FALSE,0.0093,FALSE
9th Congressional District,Northfield 43,43.0,1183,5,Mike Simmons,0,FALSE,0.0,FALSE
9th Congressional District,Northfield 44,44.0,811,205,Mike Simmons,2,FALSE,0.0098,FALSE
9th Congressional District,Northfield 45,45.0,837,182,Mike Simmons,3,FALSE,0.0165,FALSE
9th Congressional District,Northfield 48,48.0,1015,215,Mike Simmons,2,FALSE,0.0093,FALSE
9th Congressional District,Northfield 49,49.0,1157,157,Mike Simmons,1,FALSE,0.0064,FALSE
9th Congressional District,Northfield 51,51.0,3043,648,Mike Simmons,7,FALSE,0.0108,FALSE
9th Congressional District,Northfield 52,52.0,904,285,Mike Simmons,3,FALSE,0.0105,FALSE
9th Congressional District,Northfield 53,53.0,1073,275,Mike Simmons,1,FALSE,0.0036,FALSE
9th Congressional District,Northfield 56,56.0,1466,319,Mike Simmons,1,FALSE,0.0031,FALSE
9th Congressional District,Northfield 57,57.0,820,176,Mike Simmons,1,FALSE,0.0057,FALSE
9th Congressional District,Northfield Township Results,,41222,8691,Mike Simmons,70,FALSE,0.0081,FALSE
9th Congressional District,Northfield 4,4.0,1156,226,Bushra Amiwala,24,FALSE,0.1062,FALSE
9th Congressional District,Northfield 5,5.0,865,154,Bushra Amiwala,4,FALSE,0.026,FALSE
9th Congressional District,Northfield 6,6.0,1160,261,Bushra Amiwala,17,FALSE,0.0651,FALSE
9th Congressional District,Northfield 7,7.0,1578,389,Bushra Amiwala,5,FALSE,0.0129,FALSE
9th Congressional District,Northfield 8,8.0,1540,233,Bushra Amiwala,4,FALSE,0.0172,FALSE
9th Congressional District,Northfield 9,9.0,790,217,Bushra Amiwala,2,FALSE,0.0092,FALSE
9th Congressional District,Northfield 10,10.0,1036,201,Bushra Amiwala,12,FALSE,0.0597,FALSE
9th Congressional District,Northfield 12,12.0,1705,448,Bushra Amiwala,7,FALSE,0.0156,FALSE
9th Congressional District,Northfield 13,13.0,989,208,Bushra Amiwala,11,FALSE,0.0529,FALSE
9th Congressional District,Northfield 19,19.0,1361,304,Bushra Amiwala,7,FALSE,0.023,FALSE
9th Congressional District,Northfield 20,20.0,1070,263,Bushra Amiwala,2,FALSE,0.0076,FALSE
9th Congressional District,Northfield 21,21.0,1581,388,Bushra Amiwala,9,FALSE,0.0232,FALSE
9th Congressional District,Northfield 23,23.0,860,184,Bushra Amiwala,2,FALSE,0.0109,FALSE
9th Congressional District,Northfield 24,24.0,1013,258,Bushra Amiwala,8,FALSE,0.031,FALSE
9th Congressional District,Northfield 25,25.0,1034,212,Bushra Amiwala,4,FALSE,0.0189,FALSE
9th Congressional District,Northfield 27,27.0,1495,212,Bushra Amiwala,9,FALSE,0.0425,FALSE
9th Congressional District,Northfield 30,30.0,1082,315,Bushra Amiwala,2,FALSE,0.0063,FALSE
9th Congressional District,Northfield 31,31.0,1413,276,Bushra Amiwala,8,FALSE,0.029,FALSE
9th Congressional District,Northfield 33,33.0,1078,54,Bushra Amiwala,1,FALSE,0.0185,FALSE
9th Congressional District,Northfield 35,35.0,1188,230,Bushra Amiwala,6,FALSE,0.0261,FALSE
9th Congressional District,Northfield 37,37.0,1254,385,Bushra Amiwala,3,FALSE,0.0078,FALSE
9th Congressional District,Northfield 38,38.0,903,205,Bushra Amiwala,10,FALSE,0.0488,FALSE
9th Congressional District,Northfield 39,39.0,702,124,Bushra Amiwala,12,FALSE,0.0968,FALSE
9th Congressional District,Northfield 41,41.0,909,261,Bushra Amiwala,5,FALSE,0.0192,FALSE
9th Congressional District,Northfield 42,42.0,1151,216,Bushra Amiwala,8,FALSE,0.037,FALSE
9th Congressional District,Northfield 43,43.0,1183,5,Bushra Amiwala,1,FALSE,0.2,FALSE
9th Congressional District,Northfield 44,44.0,811,205,Bushra Amiwala,2,FALSE,0.0098,FALSE
9th Congressional District,Northfield 45,45.0,837,182,Bushra Amiwala,5,FALSE,0.0275,FALSE
9th Congressional District,Northfield 48,48.0,1015,215,Bushra Amiwala,5,FALSE,0.0233,FALSE
9th Congressional District,Northfield 49,49.0,1157,157,Bushra Amiwala,15,FALSE,0.0955,FALSE
9th Congressional District,Northfield 51,51.0,3043,648,Bushra Amiwala,8,FALSE,0.0123,FALSE
9th Congressional District,Northfield 52,52.0,904,285,Bushra Amiwala,3,FALSE,0.0105,FALSE
9th Congressional District,Northfield 53,53.0,1073,275,Bushra Amiwala,1,FALSE,0.0036,FALSE
9th Congressional District,Northfield 56,56.0,1466,319,Bushra Amiwala,16,FALSE,0.0502,FALSE
9th Congressional District,Northfield 57,57.0,820,176,Bushra Amiwala,6,FALSE,0.0341,FALSE
9th Congressional District,Northfield Township Results,,41222,8691,Bushra Amiwala,244,FALSE,0.0281,FALSE
9th Congressional District,Northfield 4,4.0,1156,226,Patricia A. Brown,2,FALSE,0.0088,FALSE
9th Congressional District,Northfield 5,5.0,865,154,Patricia A. Brown,1,FALSE,0.0065,FALSE
9th Congressional District,Northfield 6,6.0,1160,261,Patricia A. Brown,1,FALSE,0.0038,FALSE
9th Congressional District,Northfield 7,7.0,1578,389,Patricia A. Brown,0,FALSE,0.0,FALSE
9th Congressional District,Northfield 8,8.0,1540,233,Patricia A. Brown,3,FALSE,0.0129,FALSE
9th Congressional District,Northfield 9,9.0,790,217,Patricia A. Brown,1,FALSE,0.0046,FALSE
9th Congressional District,Northfield 10,10.0,1036,201,Patricia A. Brown,0,FALSE,0.0,FALSE
9th Congressional District,Northfield 12,12.0,1705,448,Patricia A. Brown,2,FALSE,0.0045,FALSE
9th Congressional District,Northfield 13,13.0,989,208,Patricia A. Brown,4,FALSE,0.0192,FALSE
9th Congressional District,Northfield 19,19.0,1361,304,Patricia A. Brown,1,FALSE,0.0033,FALSE
9th Congressional District,Northfield 20,20.0,1070,263,Patricia A. Brown,4,FALSE,0.0152,FALSE
9th Congressional District,Northfield 21,21.0,1581,388,Patricia A. Brown,2,FALSE,0.0052,FALSE
9th Congressional District,Northfield 23,23.0,860,184,Patricia A. Brown,1,FALSE,0.0054,FALSE
9th Congressional District,Northfield 24,24.0,1013,258,Patricia A. Brown,3,FALSE,0.0116,FALSE
9th Congressional District,Northfield 25,25.0,1034,212,Patricia A. Brown,0,FALSE,0.0,FALSE
9th Congressional District,Northfield 27,27.0,1495,212,Patricia A. Brown,4,FALSE,0.0189,FALSE
9th Congressional District,Northfield 30,30.0,1082,315,Patricia A. Brown,1,FALSE,0.0032,FALSE
9th Congressional District,Northfield 31,31.0,1413,276,Patricia A. Brown,1,FALSE,0.0036,FALSE
9th Congressional District,Northfield 33,33.0,1078,54,Patricia A. Brown,3,FALSE,0.0556,FALSE
9th Congressional District,Northfield 35,35.0,1188,230,Patricia A. Brown,0,FALSE,0.0,FALSE
9th Congressional District,Northfield 37,37.0,1254,385,Patricia A. Brown,3,FALSE,0.0078,FALSE
9th Congressional District,Northfield 38,38.0,903,205,Patricia A. Brown,1,FALSE,0.0049,FALSE
9th Congressional District,Northfield 39,39.0,702,124,Patricia A. Brown,1,FALSE,0.0081,FALSE
9th Congressional District,Northfield 41,41.0,909,261,Patricia A. Brown,1,FALSE,0.0038,FALSE
9th Congressional District,Northfield 42,42.0,1151,216,Patricia A. Brown,1,FALSE,0.0046,FALSE
9th Congressional District,Northfield 43,43.0,1183,5,Patricia A. Brown,0,FALSE,0.0,FALSE
9th Congressional District,Northfield 44,44.0,811,205,Patricia A. Brown,1,FALSE,0.0049,FALSE
9th Congressional District,Northfield 45,45.0,837,182,Patricia A. Brown,3,FALSE,0.0165,FALSE
9th Congressional District,Northfield 48,48.0,1015,215,Patricia A. Brown,0,FALSE,0.0,FALSE
9th Congressional District,Northfield 49,49.0,1157,157,Patricia A. Brown,1,FALSE,0.0064,FALSE
9th Congressional District,Northfield 51,51.0,3043,648,Patricia A. Brown,2,FALSE,0.0031,FALSE
9th Congressional District,Northfield 52,52.0,904,285,Patricia A. Brown,0,FALSE,0.0,FALSE
9th Congressional District,Northfield 53,53.0,1073,275,Patricia A. Brown,1,FALSE,0.0036,FALSE
9th Congressional District,Northfield 56,56.0,1466,319,Patricia A. Brown,2,FALSE,0.0063,FALSE
9th Congressional District,Northfield 57,57.0,820,176,Patricia A. Brown,6,FALSE,0.0341,FALSE
9th Congressional District,Northfield Township Results,,41222,8691,Patricia A. Brown,57,FALSE,0.0066,FALSE
9th Congressional District,Northfield 4,4.0,1156,226,Jeff Cohen,5,FALSE,0.0221,FALSE
9th Congressional District,Northfield 5,5.0,865,154,Jeff Cohen,1,FALSE,0.0065,FALSE
9th Congressional District,Northfield 6,6.0,1160,261,Jeff Cohen,2,FALSE,0.0077,FALSE
9th Congressional District,Northfield 7,7.0,1578,389,Jeff Cohen,4,FALSE,0.0103,FALSE
9th Congressional District,Northfield 8,8.0,1540,233,Jeff Cohen,0,FALSE,0.0,FALSE
9th Congressional District,Northfield 9,9.0,790,217,Jeff Cohen,1,FALSE,0.0046,FALSE
9th Congressional District,Northfield 10,10.0,1036,201,Jeff Cohen,4,FALSE,0.0199,FALSE
9th Congressional District,Northfield 12,12.0,1705,448,Jeff Cohen,0,FALSE,0.0,FALSE
9th Congressional District,Northfield 13,13.0,989,208,Jeff Cohen,1,FALSE,0.0048,FALSE
9th Congressional District,Northfield 19,19.0,1361,304,Jeff Cohen,1,FALSE,0.0033,FALSE
9th Congressional District,Northfield 20,20.0,1070,263,Jeff Cohen,4,FALSE,0.0152,FALSE
9th Congressional District,Northfield 21,21.0,1581,388,Jeff Cohen,1,FALSE,0.0026,FALSE
9th Congressional District,Northfield 23,23.0,860,184,Jeff Cohen,1,FALSE,0.0054,FALSE
9th Congressional District,Northfield 24,24.0,1013,258,Jeff Cohen,0,FALSE,0.0,FALSE
9th Congressional District,Northfield 25,25.0,1034,212,Jeff Cohen,0,FALSE,0.0,FALSE
9th Congressional District,Northfield 27,27.0,1495,212,Jeff Cohen,0,FALSE,0.0,FALSE
9th Congressional District,Northfield 30,30.0,1082,315,Jeff Cohen,1,FALSE,0.0032,FALSE
9th Congressional District,Northfield 31,31.0,1413,276,Jeff Cohen,0,FALSE,0.0,FALSE
9th Congressional District,Northfield 33,33.0,1078,54,Jeff Cohen,0,FALSE,0.0,FALSE
9th Congressional District,Northfield 35,35.0,1188,230,Jeff Cohen,2,FALSE,0.0087,FALSE
9th Congressional District,Northfield 37,37.0,1254,385,Jeff Cohen,2,FALSE,0.0052,FALSE
9th Congressional District,Northfield 38,38.0,903,205,Jeff Cohen,0,FALSE,0.0,FALSE
9th Congressional District,Northfield 39,39.0,702,124,Jeff Cohen,4,FALSE,0.0323,FALSE
9th Congressional District,Northfield 41,41.0,909,261,Jeff Cohen,0,FALSE,0.0,FALSE
9th Congressional District,Northfield 42,42.0,1151,216,Jeff Cohen,0,FALSE,0.0,FALSE
9th Congressional District,Northfield 43,43.0,1183,5,Jeff Cohen,0,FALSE,0.0,FALSE
9th Congressional District,Northfield 44,44.0,811,205,Jeff Cohen,1,FALSE,0.0049,FALSE
9th Congressional District,Northfield 45,45.0,837,182,Jeff Cohen,1,FALSE,0.0055,FALSE
9th Congressional District,Northfield 48,48.0,1015,215,Jeff Cohen,0,FALSE,0.0,FALSE
9th Congressional District,Northfield 49,49.0,1157,157,Jeff Cohen,1,FALSE,0.0064,FALSE
9th Congressional District,Northfield 51,51.0,3043,648,Jeff Cohen,8,FALSE,0.0123,FALSE
9th Congressional District,Northfield 52,52.0,904,285,Jeff Cohen,1,FALSE,0.0035,FALSE
9th Congressional District,Northfield 53,53.0,1073,275,Jeff Cohen,0,FALSE,0.0,FALSE
9th Congressional District,Northfield 56,56.0,1466,319,Jeff Cohen,2,FALSE,0.0063,FALSE
9th Congressional District,Northfield 57,57.0,820,176,Jeff Cohen,0,FALSE,0.0,FALSE
9th Congressional District,Northfield Township Results,,41222,8691,Jeff Cohen,48,FALSE,0.0055,FALSE
9th Congressional District,Northfield 4,4.0,1156,226,Laura Fine,83,TRUE,0.3673,FALSE
9th Congressional District,Northfield 5,5.0,865,154,Laura Fine,51,TRUE,0.3312,FALSE
9th Congressional District,Northfield 6,6.0,1160,261,Laura Fine,92,TRUE,0.3525,FALSE
9th Congressional District,Northfield 7,7.0,1578,389,Laura Fine,186,TRUE,0.4781,FALSE
9th Congressional District,Northfield 8,8.0,1540,233,Laura Fine,86,TRUE,0.3691,FALSE
9th Congressional District,Northfield 9,9.0,790,217,Laura Fine,56,TRUE,0.2581,FALSE
9th Congressional District,Northfield 10,10.0,1036,201,Laura Fine,70,TRUE,0.3483,FALSE
9th Congressional District,Northfield 12,12.0,1705,448,Laura Fine,180,TRUE,0.4018,FALSE
9th Congressional District,Northfield 13,13.0,989,208,Laura Fine,108,TRUE,0.5192,FALSE
9th Congressional District,Northfield 19,19.0,1361,304,Laura Fine,140,TRUE,0.4605,FALSE
9th Congressional District,Northfield 20,20.0,1070,263,Laura Fine,118,TRUE,0.4487,FALSE
9th Congressional District,Northfield 21,21.0,1581,388,Laura Fine,161,TRUE,0.4149,FALSE
9th Congressional District,Northfield 23,23.0,860,184,Laura Fine,54,TRUE,0.2935,FALSE
9th Congressional District,Northfield 24,24.0,1013,258,Laura Fine,104,TRUE,0.4031,FALSE
9th Congressional District,Northfield 25,25.0,1034,212,Laura Fine,100,TRUE,0.4717,FALSE
9th Congressional District,Northfield 27,27.0,1495,212,Laura Fine,85,TRUE,0.4009,FALSE
9th Congressional District,Northfield 30,30.0,1082,315,Laura Fine,116,TRUE,0.3683,FALSE
9th Congressional District,Northfield 31,31.0,1413,276,Laura Fine,99,TRUE,0.3587,FALSE
9th Congressional District,Northfield 33,33.0,1078,54,Laura Fine,10,TRUE,0.1852,FALSE
9th Congressional District,Northfield 35,35.0,1188,230,Laura Fine,79,TRUE,0.3435,FALSE
9th Congressional District,Northfield 37,37.0,1254,385,Laura Fine,85,TRUE,0.2208,FALSE
9th Congressional District,Northfield 38,38.0,903,205,Laura Fine,85,TRUE,0.4146,FALSE
9th Congressional District,Northfield 39,39.0,702,124,Laura Fine,44,TRUE,0.3548,FALSE
9th Congressional District,Northfield 41,41.0,909,261,Laura Fine,160,TRUE,0.613,FALSE
9th Congressional District,Northfield 42,42.0,1151,216,Laura Fine,102,TRUE,0.4722,FALSE
9th Congressional District,Northfield 43,43.0,1183,5,Laura Fine,1,TRUE,0.2,FALSE
9th Congressional District,Northfield 44,44.0,811,205,Laura Fine,90,TRUE,0.439,FALSE
9th Congressional District,Northfield 45,45.0,837,182,Laura Fine,84,TRUE,0.4615,FALSE
9th Congressional District,Northfield 48,48.0,1015,215,Laura Fine,114,TRUE,0.5302,FALSE
9th Congressional District,Northfield 49,49.0,1157,157,Laura Fine,64,TRUE,0.4076,FALSE
9th Congressional District,Northfield 51,51.0,3043,648,Laura Fine,326,TRUE,0.5031,FALSE
9th Congressional District,Northfield 52,52.0,904,285,Laura Fine,149,TRUE,0.5228,FALSE
9th Congressional District,Northfield 53,53.0,1073,275,Laura Fine,174,TRUE,0.6327,FALSE
9th Congressional District,Northfield 56,56.0,1466,319,Laura Fine,129,TRUE,0.4044,FALSE
9th Congressional District,Northfield 57,57.0,820,176,Laura Fine,79,TRUE,0.4489,FALSE
9th Congressional District,Northfield Township Results,,41222,8691,Laura Fine,3664,TRUE,0.4216,FALSE
9th Congressional District,Northfield 4,4.0,1156,226,Phil Andrew,8,FALSE,0.0354,FALSE
9th Congressional District,Northfield 5,5.0,865,154,Phil Andrew,9,FALSE,0.0584,FALSE
9th Congressional District,Northfield 6,6.0,1160,261,Phil Andrew,55,FALSE,0.2107,FALSE
9th Congressional District,Northfield 7,7.0,1578,389,Phil Andrew,31,FALSE,0.0797,FALSE
9th Congressional District,Northfield 8,8.0,1540,233,Phil Andrew,43,FALSE,0.1845,FALSE
9th Congressional District,Northfield 9,9.0,790,217,Phil Andrew,70,FALSE,0.3226,FALSE
9th Congressional District,Northfield 10,10.0,1036,201,Phil Andrew,16,FALSE,0.0796,FALSE
9th Congressional District,Northfield 12,12.0,1705,448,Phil Andrew,63,FALSE,0.1406,FALSE
9th Congressional District,Northfield 13,13.0,989,208,Phil Andrew,4,FALSE,0.0192,FALSE
9th Congressional District,Northfield 19,19.0,1361,304,Phil Andrew,40,FALSE,0.1316,FALSE
9th Congressional District,Northfield 20,20.0,1070,263,Phil Andrew,18,FALSE,0.0684,FALSE
9th Congressional District,Northfield 21,21.0,1581,388,Phil Andrew,54,FALSE,0.1392,FALSE
9th Congressional District,Northfield 23,23.0,860,184,Phil Andrew,51,FALSE,0.2772,FALSE
9th Congressional District,Northfield 24,24.0,1013,258,Phil Andrew,23,FALSE,0.0891,FALSE
9th Congressional District,Northfield 25,25.0,1034,212,Phil Andrew,20,FALSE,0.0943,FALSE
9th Congressional District,Northfield 27,27.0,1495,212,Phil Andrew,11,FALSE,0.0519,FALSE
9th Congressional District,Northfield 30,30.0,1082,315,Phil Andrew,58,FALSE,0.1841,FALSE
9th Congressional District,Northfield 31,31.0,1413,276,Phil Andrew,31,FALSE,0.1123,FALSE
9th Congressional District,Northfield 33,33.0,1078,54,Phil Andrew,5,FALSE,0.0926,FALSE
9th Congressional District,Northfield 35,35.0,1188,230,Phil Andrew,41,FALSE,0.1783,FALSE
9th Congressional District,Northfield 37,37.0,1254,385,Phil Andrew,92,FALSE,0.239,FALSE
9th Congressional District,Northfield 38,38.0,903,205,Phil Andrew,16,FALSE,0.078,FALSE
9th Congressional District,Northfield 39,39.0,702,124,Phil Andrew,7,FALSE,0.0565,FALSE
9th Congressional District,Northfield 41,41.0,909,261,Phil Andrew,16,FALSE,0.0613,FALSE
9th Congressional District,Northfield 42,42.0,1151,216,Phil Andrew,15,FALSE,0.0694,FALSE
9th Congressional District,Northfield 43,43.0,1183,5,Phil Andrew,0,FALSE,0.0,FALSE
9th Congressional District,Northfield 44,44.0,811,205,Phil Andrew,14,FALSE,0.0683,FALSE
9th Congressional District,Northfield 45,45.0,837,182,Phil Andrew,19,FALSE,0.1044,FALSE
9th Congressional District,Northfield 48,48.0,1015,215,Phil Andrew,8,FALSE,0.0372,FALSE
9th Congressional District,Northfield 49,49.0,1157,157,Phil Andrew,5,FALSE,0.0318,FALSE
9th Congressional District,Northfield 51,51.0,3043,648,Phil Andrew,63,FALSE,0.0972,FALSE
9th Congressional District,Northfield 52,52.0,904,285,Phil Andrew,32,FALSE,0.1123,FALSE
9th Congressional District,Northfield 53,53.0,1073,275,Phil Andrew,8,FALSE,0.0291,FALSE
9th Congressional District,Northfield 56,56.0,1466,319,Phil Andrew,29,FALSE,0.0909,FALSE
9th Congressional District,Northfield 57,57.0,820,176,Phil Andrew,11,FALSE,0.0625,FALSE
9th Congressional District,Northfield Township Results,,41222,8691,Phil Andrew,986,FALSE,0.1135,FALSE
9th Congressional District,Northfield 4,4.0,1156,226,Nick Pyati,0,FALSE,0.0,FALSE
9th Congressional District,Northfield 5,5.0,865,154,Nick Pyati,0,FALSE,0.0,FALSE
9th Congressional District,Northfield 6,6.0,1160,261,Nick Pyati,0,FALSE,0.0,FALSE
9th Congressional District,Northfield 7,7.0,1578,389,Nick Pyati,1,FALSE,0.0026,FALSE
9th Congressional District,Northfield 8,8.0,1540,233,Nick Pyati,1,FALSE,0.0043,FALSE
9th Congressional District,Northfield 9,9.0,790,217,Nick Pyati,0,FALSE,0.0,FALSE
9th Congressional District,Northfield 10,10.0,1036,201,Nick Pyati,0,FALSE,0.0,FALSE
9th Congressional District,Northfield 12,12.0,1705,448,Nick Pyati,0,FALSE,0.0,FALSE
9th Congressional District,Northfield 13,13.0,989,208,Nick Pyati,1,FALSE,0.0048,FALSE
9th Congressional District,Northfield 19,19.0,1361,304,Nick Pyati,0,FALSE,0.0,FALSE
9th Congressional District,Northfield 20,20.0,1070,263,Nick Pyati,1,FALSE,0.0038,FALSE
9th Congressional District,Northfield 21,21.0,1581,388,Nick Pyati,0,FALSE,0.0,FALSE
9th Congressional District,Northfield 23,23.0,860,184,Nick Pyati,0,FALSE,0.0,FALSE
9th Congressional District,Northfield 24,24.0,1013,258,Nick Pyati,0,FALSE,0.0,FALSE
9th Congressional District,Northfield 25,25.0,1034,212,Nick Pyati,0,FALSE,0.0,FALSE
9th Congressional District,Northfield 27,27.0,1495,212,Nick Pyati,0,FALSE,0.0,FALSE
9th Congressional District,Northfield 30,30.0,1082,315,Nick Pyati,0,FALSE,0.0,FALSE
9th Congressional District,Northfield 31,31.0,1413,276,Nick Pyati,1,FALSE,0.0036,FALSE
9th Congressional District,Northfield 33,33.0,1078,54,Nick Pyati,0,FALSE,0.0,FALSE
9th Congressional District,Northfield 35,35.0,1188,230,Nick Pyati,1,FALSE,0.0043,FALSE
9th Congressional District,Northfield 37,37.0,1254,385,Nick Pyati,8,FALSE,0.0208,FALSE
9th Congressional District,Northfield 38,38.0,903,205,Nick Pyati,0,FALSE,0.0,FALSE
9th Congressional District,Northfield 39,39.0,702,124,Nick Pyati,0,FALSE,0.0,FALSE
9th Congressional District,Northfield 41,41.0,909,261,Nick Pyati,0,FALSE,0.0,FALSE
9th Congressional District,Northfield 42,42.0,1151,216,Nick Pyati,0,FALSE,0.0,FALSE
9th Congressional District,Northfield 43,43.0,1183,5,Nick Pyati,0,FALSE,0.0,FALSE
9th Congressional District,Northfield 44,44.0,811,205,Nick Pyati,0,FALSE,0.0,FALSE
9th Congressional District,Northfield 45,45.0,837,182,Nick Pyati,0,FALSE,0.0,FALSE
9th Congressional District,Northfield 48,48.0,1015,215,Nick Pyati,0,FALSE,0.0,FALSE
9th Congressional District,Northfield 49,49.0,1157,157,Nick Pyati,1,FALSE,0.0064,FALSE
9th Congressional District,Northfield 51,51.0,3043,648,Nick Pyati,1,FALSE,0.0015,FALSE
9th Congressional District,Northfield 52,52.0,904,285,Nick Pyati,0,FALSE,0.0,FALSE
9th Congressional District,Northfield 53,53.0,1073,275,Nick Pyati,1,FALSE,0.0036,FALSE
9th Congressional District,Northfield 56,56.0,1466,319,Nick Pyati,0,FALSE,0.0,FALSE
9th Congressional District,Northfield 57,57.0,820,176,Nick Pyati,0,FALSE,0.0,FALSE
9th Congressional District,Northfield Township Results,,41222,8691,Nick Pyati,17,FALSE,0.002,FALSE
9th Congressional District,Northfield 4,4.0,1156,226,Kat Abughazaleh,39,FALSE,0.1726,FALSE
9th Congressional District,Northfield 5,5.0,865,154,Kat Abughazaleh,26,FALSE,0.1688,FALSE
9th Congressional District,Northfield 6,6.0,1160,261,Kat Abughazaleh,17,FALSE,0.0651,FALSE
9th Congressional District,Northfield 7,7.0,1578,389,Kat Abughazaleh,34,FALSE,0.0874,FALSE
9th Congressional District,Northfield 8,8.0,1540,233,Kat Abughazaleh,11,FALSE,0.0472,FALSE
9th Congressional District,Northfield 9,9.0,790,217,Kat Abughazaleh,17,FALSE,0.0783,FALSE
9th Congressional District,Northfield 10,10.0,1036,201,Kat Abughazaleh,30,FALSE,0.1493,FALSE
9th Congressional District,Northfield 12,12.0,1705,448,Kat Abughazaleh,50,FALSE,0.1116,FALSE
9th Congressional District,Northfield 13,13.0,989,208,Kat Abughazaleh,26,FALSE,0.125,FALSE
9th Congressional District,Northfield 19,19.0,1361,304,Kat Abughazaleh,29,FALSE,0.0954,FALSE
9th Congressional District,Northfield 20,20.0,1070,263,Kat Abughazaleh,19,FALSE,0.0722,FALSE
9th Congressional District,Northfield 21,21.0,1581,388,Kat Abughazaleh,44,FALSE,0.1134,FALSE
9th Congressional District,Northfield 23,23.0,860,184,Kat Abughazaleh,7,FALSE,0.038,FALSE
9th Congressional District,Northfield 24,24.0,1013,258,Kat Abughazaleh,29,FALSE,0.1124,FALSE
9th Congressional District,Northfield 25,25.0,1034,212,Kat Abughazaleh,40,FALSE,0.1887,FALSE
9th Congressional District,Northfield 27,27.0,1495,212,Kat Abughazaleh,36,FALSE,0.1698,FALSE
9th Congressional District,Northfield 30,30.0,1082,315,Kat Abughazaleh,38,FALSE,0.1206,FALSE
9th Congressional District,Northfield 31,31.0,1413,276,Kat Abughazaleh,47,FALSE,0.1703,FALSE
9th Congressional District,Northfield 33,33.0,1078,54,Kat Abughazaleh,16,FALSE,0.2963,FALSE
9th Congressional District,Northfield 35,35.0,1188,230,Kat Abughazaleh,37,FALSE,0.1609,FALSE
9th Congressional District,Northfield 37,37.0,1254,385,Kat Abughazaleh,63,FALSE,0.1636,FALSE
9th Congressional District,Northfield 38,38.0,903,205,Kat Abughazaleh,37,FALSE,0.1805,FALSE
9th Congressional District,Northfield 39,39.0,702,124,Kat Abughazaleh,17,FALSE,0.1371,FALSE
9th Congressional District,Northfield 41,41.0,909,261,Kat Abughazaleh,14,FALSE,0.0536,FALSE
9th Congressional District,Northfield 42,42.0,1151,216,Kat Abughazaleh,25,FALSE,0.1157,FALSE
9th Congressional District,Northfield 43,43.0,1183,5,Kat Abughazaleh,1,FALSE,0.2,FALSE
9th Congressional District,Northfield 44,44.0,811,205,Kat Abughazaleh,17,FALSE,0.0829,FALSE
9th Congressional District,Northfield 45,45.0,837,182,Kat Abughazaleh,15,FALSE,0.0824,FALSE
9th Congressional District,Northfield 48,48.0,1015,215,Kat Abughazaleh,24,FALSE,0.1116,FALSE
9th Congressional District,Northfield 49,49.0,1157,157,Kat Abughazaleh,22,FALSE,0.1401,FALSE
9th Congressional District,Northfield 51,51.0,3043,648,Kat Abughazaleh,64,FALSE,0.0988,FALSE
9th Congressional District,Northfield 52,52.0,904,285,Kat Abughazaleh,22,FALSE,0.0772,FALSE
9th Congressional District,Northfield 53,53.0,1073,275,Kat Abughazaleh,13,FALSE,0.0473,FALSE
9th Congressional District,Northfield 56,56.0,1466,319,Kat Abughazaleh,39,FALSE,0.1223,FALSE
9th Congressional District,Northfield 57,57.0,820,176,Kat Abughazaleh,33,FALSE,0.1875,FALSE
9th Congressional District,Northfield Township Results,,41222,8691,Kat Abughazaleh,998,FALSE,0.1148,FALSE
9th Congressional District,Northfield 4,4.0,1156,226,Sam Polan,1,FALSE,0.0044,FALSE
9th Congressional District,Northfield 5,5.0,865,154,Sam Polan,0,FALSE,0.0,FALSE
9th Congressional District,Northfield 6,6.0,1160,261,Sam Polan,0,FALSE,0.0,FALSE
9th Congressional District,Northfield 7,7.0,1578,389,Sam Polan,0,FALSE,0.0,FALSE
9th Congressional District,Northfield 8,8.0,1540,233,Sam Polan,2,FALSE,0.0086,FALSE
9th Congressional District,Northfield 9,9.0,790,217,Sam Polan,6,FALSE,0.0276,FALSE
9th Congressional District,Northfield 10,10.0,1036,201,Sam Polan,0,FALSE,0.0,FALSE
9th Congressional District,Northfield 12,12.0,1705,448,Sam Polan,2,FALSE,0.0045,FALSE
9th Congressional District,Northfield 13,13.0,989,208,Sam Polan,1,FALSE,0.0048,FALSE
9th Congressional District,Northfield 19,19.0,1361,304,Sam Polan,0,FALSE,0.0,FALSE
9th Congressional District,Northfield 20,20.0,1070,263,Sam Polan,0,FALSE,0.0,FALSE
9th Congressional District,Northfield 21,21.0,1581,388,Sam Polan,0,FALSE,0.0,FALSE
9th Congressional District,Northfield 23,23.0,860,184,Sam Polan,1,FALSE,0.0054,FALSE
9th Congressional District,Northfield 24,24.0,1013,258,Sam Polan,1,FALSE,0.0039,FALSE
9th Congressional District,Northfield 25,25.0,1034,212,Sam Polan,1,FALSE,0.0047,FALSE
9th Congressional District,Northfield 27,27.0,1495,212,Sam Polan,0,FALSE,0.0,FALSE
9th Congressional District,Northfield 30,30.0,1082,315,Sam Polan,1,FALSE,0.0032,FALSE
9th Congressional District,Northfield 31,31.0,1413,276,Sam Polan,2,FALSE,0.0072,FALSE
9th Congressional District,Northfield 33,33.0,1078,54,Sam Polan,0,FALSE,0.0,FALSE
9th Congressional District,Northfield 35,35.0,1188,230,Sam Polan,0,FALSE,0.0,FALSE
9th Congressional District,Northfield 37,37.0,1254,385,Sam Polan,8,FALSE,0.0208,FALSE
9th Congressional District,Northfield 38,38.0,903,205,Sam Polan,0,FALSE,0.0,FALSE
9th Congressional District,Northfield 39,39.0,702,124,Sam Polan,0,FALSE,0.0,FALSE
9th Congressional District,Northfield 41,41.0,909,261,Sam Polan,0,FALSE,0.0,FALSE
9th Congressional District,Northfield 42,42.0,1151,216,Sam Polan,1,FALSE,0.0046,FALSE
9th Congressional District,Northfield 43,43.0,1183,5,Sam Polan,0,FALSE,0.0,FALSE
9th Congressional District,Northfield 44,44.0,811,205,Sam Polan,0,FALSE,0.0,FALSE
9th Congressional District,Northfield 45,45.0,837,182,Sam Polan,1,FALSE,0.0055,FALSE
9th Congressional District,Northfield 48,48.0,1015,215,Sam Polan,0,FALSE,0.0,FALSE
9th Congressional District,Northfield 49,49.0,1157,157,Sam Polan,1,FALSE,0.0064,FALSE
9th Congressional District,Northfield 51,51.0,3043,648,Sam Polan,2,FALSE,0.0031,FALSE
9th Congressional District,Northfield 52,52.0,904,285,Sam Polan,1,FALSE,0.0035,FALSE
9th Congressional District,Northfield 53,53.0,1073,275,Sam Polan,1,FALSE,0.0036,FALSE
9th Congressional District,Northfield 56,56.0,1466,319,Sam Polan,0,FALSE,0.0,FALSE
9th Congressional District,Northfield 57,57.0,820,176,Sam Polan,2,FALSE,0.0114,FALSE
9th Congressional District,Northfield Township Results,,41222,8691,Sam Polan,35,FALSE,0.004,FALSE
9th Congressional District,Northfield 4,4.0,1156,226,Bethany Johnson,0,FALSE,0.0,FALSE
9th Congressional District,Northfield 5,5.0,865,154,Bethany Johnson,0,FALSE,0.0,FALSE
9th Congressional District,Northfield 6,6.0,1160,261,Bethany Johnson,0,FALSE,0.0,FALSE
9th Congressional District,Northfield 7,7.0,1578,389,Bethany Johnson,1,FALSE,0.0026,FALSE
9th Congressional District,Northfield 8,8.0,1540,233,Bethany Johnson,1,FALSE,0.0043,FALSE
9th Congressional District,Northfield 9,9.0,790,217,Bethany Johnson,0,FALSE,0.0,FALSE
9th Congressional District,Northfield 10,10.0,1036,201,Bethany Johnson,0,FALSE,0.0,FALSE
9th Congressional District,Northfield 12,12.0,1705,448,Bethany Johnson,3,FALSE,0.0067,FALSE
9th Congressional District,Northfield 13,13.0,989,208,Bethany Johnson,1,FALSE,0.0048,FALSE
9th Congressional District,Northfield 19,19.0,1361,304,Bethany Johnson,0,FALSE,0.0,FALSE
9th Congressional District,Northfield 20,20.0,1070,263,Bethany Johnson,0,FALSE,0.0,FALSE
9th Congressional District,Northfield 21,21.0,1581,388,Bethany Johnson,0,FALSE,0.0,FALSE
9th Congressional District,Northfield 23,23.0,860,184,Bethany Johnson,0,FALSE,0.0,FALSE
9th Congressional District,Northfield 24,24.0,1013,258,Bethany Johnson,1,FALSE,0.0039,FALSE
9th Congressional District,Northfield 25,25.0,1034,212,Bethany Johnson,1,FALSE,0.0047,FALSE
9th Congressional District,Northfield 27,27.0,1495,212,Bethany Johnson,1,FALSE,0.0047,FALSE
9th Congressional District,Northfield 30,30.0,1082,315,Bethany Johnson,2,FALSE,0.0063,FALSE
9th Congressional District,Northfield 31,31.0,1413,276,Bethany Johnson,2,FALSE,0.0072,FALSE
9th Congressional District,Northfield 33,33.0,1078,54,Bethany Johnson,0,FALSE,0.0,FALSE
9th Congressional District,Northfield 35,35.0,1188,230,Bethany Johnson,0,FALSE,0.0,FALSE
9th Congressional District,Northfield 37,37.0,1254,385,Bethany Johnson,0,FALSE,0.0,FALSE
9th Congressional District,Northfield 38,38.0,903,205,Bethany Johnson,1,FALSE,0.0049,FALSE
9th Congressional District,Northfield 39,39.0,702,124,Bethany Johnson,1,FALSE,0.0081,FALSE
9th Congressional District,Northfield 41,41.0,909,261,Bethany Johnson,1,FALSE,0.0038,FALSE
9th Congressional District,Northfield 42,42.0,1151,216,Bethany Johnson,1,FALSE,0.0046,FALSE
9th Congressional District,Northfield 43,43.0,1183,5,Bethany Johnson,0,FALSE,0.0,FALSE
9th Congressional District,Northfield 44,44.0,811,205,Bethany Johnson,0,FALSE,0.0,FALSE
9th Congressional District,Northfield 45,45.0,837,182,Bethany Johnson,1,FALSE,0.0055,FALSE
9th Congressional District,Northfield 48,48.0,1015,215,Bethany Johnson,1,FALSE,0.0047,FALSE
9th Congressional District,Northfield 49,49.0,1157,157,Bethany Johnson,0,FALSE,0.0,FALSE
9th Congressional District,Northfield 51,51.0,3043,648,Bethany Johnson,0,FALSE,0.0,FALSE
9th Congressional District,Northfield 52,52.0,904,285,Bethany Johnson,0,FALSE,0.0,FALSE
9th Congressional District,Northfield 53,53.0,1073,275,Bethany Johnson,1,FALSE,0.0036,FALSE
9th Congressional District,Northfield 56,56.0,1466,319,Bethany Johnson,0,FALSE,0.0,FALSE
9th Congressional District,Northfield 57,57.0,820,176,Bethany Johnson,1,FALSE,0.0057,FALSE
9th Congressional District,Northfield Township Results,,41222,8691,Bethany Johnson,21,FALSE,0.0024,FALSE
9th Congressional District,Northfield 4,4.0,1156,226,Howard Rosenblum,0,FALSE,0.0,FALSE
9th Congressional District,Northfield 5,5.0,865,154,Howard Rosenblum,0,FALSE,0.0,FALSE
9th Congressional District,Northfield 6,6.0,1160,261,Howard Rosenblum,0,FALSE,0.0,FALSE
9th Congressional District,Northfield 7,7.0,1578,389,Howard Rosenblum,2,FALSE,0.0051,FALSE
9th Congressional District,Northfield 8,8.0,1540,233,Howard Rosenblum,1,FALSE,0.0043,FALSE
9th Congressional District,Northfield 9,9.0,790,217,Howard Rosenblum,1,FALSE,0.0046,FALSE
9th Congressional District,Northfield 10,10.0,1036,201,Howard Rosenblum,1,FALSE,0.005,FALSE
9th Congressional District,Northfield 12,12.0,1705,448,Howard Rosenblum,0,FALSE,0.0,FALSE
9th Congressional District,Northfield 13,13.0,989,208,Howard Rosenblum,1,FALSE,0.0048,FALSE
9th Congressional District,Northfield 19,19.0,1361,304,Howard Rosenblum,0,FALSE,0.0,FALSE
9th Congressional District,Northfield 20,20.0,1070,263,Howard Rosenblum,1,FALSE,0.0038,FALSE
9th Congressional District,Northfield 21,21.0,1581,388,Howard Rosenblum,0,FALSE,0.0,FALSE
9th Congressional District,Northfield 23,23.0,860,184,Howard Rosenblum,0,FALSE,0.0,FALSE
9th Congressional District,Northfield 24,24.0,1013,258,Howard Rosenblum,0,FALSE,0.0,FALSE
9th Congressional District,Northfield 25,25.0,1034,212,Howard Rosenblum,0,FALSE,0.0,FALSE
9th Congressional District,Northfield 27,27.0,1495,212,Howard Rosenblum,0,FALSE,0.0,FALSE
9th Congressional District,Northfield 30,30.0,1082,315,Howard Rosenblum,0,FALSE,0.0,FALSE
9th Congressional District,Northfield 31,31.0,1413,276,Howard Rosenblum,1,FALSE,0.0036,FALSE
9th Congressional District,Northfield 33,33.0,1078,54,Howard Rosenblum,0,FALSE,0.0,FALSE
9th Congressional District,Northfield 35,35.0,1188,230,Howard Rosenblum,0,FALSE,0.0,FALSE
9th Congressional District,Northfield 37,37.0,1254,385,Howard Rosenblum,0,FALSE,0.0,FALSE
9th Congressional District,Northfield 38,38.0,903,205,Howard Rosenblum,0,FALSE,0.0,FALSE
9th Congressional District,Northfield 39,39.0,702,124,Howard Rosenblum,0,FALSE,0.0,FALSE
9th Congressional District,Northfield 41,41.0,909,261,Howard Rosenblum,0,FALSE,0.0,FALSE
9th Congressional District,Northfield 42,42.0,1151,216,Howard Rosenblum,0,FALSE,0.0,FALSE
9th Congressional District,Northfield 43,43.0,1183,5,Howard Rosenblum,0,FALSE,0.0,FALSE
9th Congressional District,Northfield 44,44.0,811,205,Howard Rosenblum,0,FALSE,0.0,FALSE
9th Congressional District,Northfield 45,45.0,837,182,Howard Rosenblum,1,FALSE,0.0055,FALSE
9th Congressional District,Northfield 48,48.0,1015,215,Howard Rosenblum,0,FALSE,0.0,FALSE
9th Congressional District,Northfield 49,49.0,1157,157,Howard Rosenblum,0,FALSE,0.0,FALSE
9th Congressional District,Northfield 51,51.0,3043,648,Howard Rosenblum,2,FALSE,0.0031,FALSE
9th Congressional District,Northfield 52,52.0,904,285,Howard Rosenblum,0,FALSE,0.0,FALSE
9th Congressional District,Northfield 53,53.0,1073,275,Howard Rosenblum,1,FALSE,0.0036,FALSE
9th Congressional District,Northfield 56,56.0,1466,319,Howard Rosenblum,0,FALSE,0.0,FALSE
9th Congressional District,Northfield 57,57.0,820,176,Howard Rosenblum,0,FALSE,0.0,FALSE
9th Congressional District,Northfield Township Results,,41222,8691,Howard Rosenblum,12,FALSE,0.0014,FALSE
9th Congressional District,Northfield 4,4.0,1156,226,Hoan Huynh,0,FALSE,0.0,FALSE
9th Congressional District,Northfield 5,5.0,865,154,Hoan Huynh,1,FALSE,0.0065,FALSE
9th Congressional District,Northfield 6,6.0,1160,261,Hoan Huynh,2,FALSE,0.0077,FALSE
9th Congressional District,Northfield 7,7.0,1578,389,Hoan Huynh,3,FALSE,0.0077,FALSE
9th Congressional District,Northfield 8,8.0,1540,233,Hoan Huynh,1,FALSE,0.0043,FALSE
9th Congressional District,Northfield 9,9.0,790,217,Hoan Huynh,5,FALSE,0.023,FALSE
9th Congressional District,Northfield 10,10.0,1036,201,Hoan Huynh,2,FALSE,0.01,FALSE
9th Congressional District,Northfield 12,12.0,1705,448,Hoan Huynh,1,FALSE,0.0022,FALSE
9th Congressional District,Northfield 13,13.0,989,208,Hoan Huynh,8,FALSE,0.0385,FALSE
9th Congressional District,Northfield 19,19.0,1361,304,Hoan Huynh,1,FALSE,0.0033,FALSE
9th Congressional District,Northfield 20,20.0,1070,263,Hoan Huynh,0,FALSE,0.0,FALSE
9th Congressional District,Northfield 21,21.0,1581,388,Hoan Huynh,3,FALSE,0.0077,FALSE
9th Congressional District,Northfield 23,23.0,860,184,Hoan Huynh,3,FALSE,0.0163,FALSE
9th Congressional District,Northfield 24,24.0,1013,258,Hoan Huynh,1,FALSE,0.0039,FALSE
9th Congressional District,Northfield 25,25.0,1034,212,Hoan Huynh,0,FALSE,0.0,FALSE
9th Congressional District,Northfield 27,27.0,1495,212,Hoan Huynh,4,FALSE,0.0189,FALSE
9th Congressional District,Northfield 30,30.0,1082,315,Hoan Huynh,2,FALSE,0.0063,FALSE
9th Congressional District,Northfield 31,31.0,1413,276,Hoan Huynh,5,FALSE,0.0181,FALSE
9th Congressional District,Northfield 33,33.0,1078,54,Hoan Huynh,1,FALSE,0.0185,FALSE
9th Congressional District,Northfield 35,35.0,1188,230,Hoan Huynh,1,FALSE,0.0043,FALSE
9th Congressional District,Northfield 37,37.0,1254,385,Hoan Huynh,3,FALSE,0.0078,FALSE
9th Congressional District,Northfield 38,38.0,903,205,Hoan Huynh,0,FALSE,0.0,FALSE
9th Congressional District,Northfield 39,39.0,702,124,Hoan Huynh,2,FALSE,0.0161,FALSE
9th Congressional District,Northfield 41,41.0,909,261,Hoan Huynh,1,FALSE,0.0038,FALSE
9th Congressional District,Northfield 42,42.0,1151,216,Hoan Huynh,0,FALSE,0.0,FALSE
9th Congressional District,Northfield 43,43.0,1183,5,Hoan Huynh,0,FALSE,0.0,FALSE
9th Congressional District,Northfield 44,44.0,811,205,Hoan Huynh,2,FALSE,0.0098,FALSE
9th Congressional District,Northfield 45,45.0,837,182,Hoan Huynh,0,FALSE,0.0,FALSE
9th Congressional District,Northfield 48,48.0,1015,215,Hoan Huynh,3,FALSE,0.014,FALSE
9th Congressional District,Northfield 49,49.0,1157,157,Hoan Huynh,3,FALSE,0.0191,FALSE
9th Congressional District,Northfield 51,51.0,3043,648,Hoan Huynh,8,FALSE,0.0123,FALSE
9th Congressional District,Northfield 52,52.0,904,285,Hoan Huynh,3,FALSE,0.0105,FALSE
9th Congressional District,Northfield 53,53.0,1073,275,Hoan Huynh,6,FALSE,0.0218,FALSE
9th Congressional District,Northfield 56,56.0,1466,319,Hoan Huynh,1,FALSE,0.0031,FALSE
9th Congressional District,Northfield 57,57.0,820,176,Hoan Huynh,1,FALSE,0.0057,FALSE
9th Congressional District,Northfield Township Results,,41222,8691,Hoan Huynh,77,FALSE,0.0089,FALSE
9th Congressional District,Northfield 4,4.0,1156,226,Mark Arnold Fredrickson,0,FALSE,0.0,FALSE
9th Congressional District,Northfield 5,5.0,865,154,Mark Arnold Fredrickson,0,FALSE,0.0,FALSE
9th Congressional District,Northfield 6,6.0,1160,261,Mark Arnold Fredrickson,1,FALSE,0.0038,FALSE
9th Congressional District,Northfield 7,7.0,1578,389,Mark Arnold Fredrickson,1,FALSE,0.0026,FALSE
9th Congressional District,Northfield 8,8.0,1540,233,Mark Arnold Fredrickson,0,FALSE,0.0,FALSE
9th Congressional District,Northfield 9,9.0,790,217,Mark Arnold Fredrickson,1,FALSE,0.0046,FALSE
9th Congressional District,Northfield 10,10.0,1036,201,Mark Arnold Fredrickson,0,FALSE,0.0,FALSE
9th Congressional District,Northfield 12,12.0,1705,448,Mark Arnold Fredrickson,1,FALSE,0.0022,FALSE
9th Congressional District,Northfield 13,13.0,989,208,Mark Arnold Fredrickson,1,FALSE,0.0048,FALSE
9th Congressional District,Northfield 19,19.0,1361,304,Mark Arnold Fredrickson,0,FALSE,0.0,FALSE
9th Congressional District,Northfield 20,20.0,1070,263,Mark Arnold Fredrickson,1,FALSE,0.0038,FALSE
9th Congressional District,Northfield 21,21.0,1581,388,Mark Arnold Fredrickson,0,FALSE,0.0,FALSE
9th Congressional District,Northfield 23,23.0,860,184,Mark Arnold Fredrickson,0,FALSE,0.0,FALSE
9th Congressional District,Northfield 24,24.0,1013,258,Mark Arnold Fredrickson,0,FALSE,0.0,FALSE
9th Congressional District,Northfield 25,25.0,1034,212,Mark Arnold Fredrickson,0,FALSE,0.0,FALSE
9th Congressional District,Northfield 27,27.0,1495,212,Mark Arnold Fredrickson,0,FALSE,0.0,FALSE
9th Congressional District,Northfield 30,30.0,1082,315,Mark Arnold Fredrickson,0,FALSE,0.0,FALSE
9th Congressional District,Northfield 31,31.0,1413,276,Mark Arnold Fredrickson,1,FALSE,0.0036,FALSE
9th Congressional District,Northfield 33,33.0,1078,54,Mark Arnold Fredrickson,1,FALSE,0.0185,FALSE
9th Congressional District,Northfield 35,35.0,1188,230,Mark Arnold Fredrickson,1,FALSE,0.0043,FALSE
9th Congressional District,Northfield 37,37.0,1254,385,Mark Arnold Fredrickson,0,FALSE,0.0,FALSE
9th Congressional District,Northfield 38,38.0,903,205,Mark Arnold Fredrickson,1,FALSE,0.0049,FALSE
9th Congressional District,Northfield 39,39.0,702,124,Mark Arnold Fredrickson,2,FALSE,0.0161,FALSE
9th Congressional District,Northfield 41,41.0,909,261,Mark Arnold Fredrickson,0,FALSE,0.0,FALSE
9th Congressional District,Northfield 42,42.0,1151,216,Mark Arnold Fredrickson,1,FALSE,0.0046,FALSE
9th Congressional District,Northfield 43,43.0,1183,5,Mark Arnold Fredrickson,0,FALSE,0.0,FALSE
9th Congressional District,Northfield 44,44.0,811,205,Mark Arnold Fredrickson,0,FALSE,0.0,FALSE
9th Congressional District,Northfield 45,45.0,837,182,Mark Arnold Fredrickson,0,FALSE,0.0,FALSE
9th Congressional District,Northfield 48,48.0,1015,215,Mark Arnold Fredrickson,1,FALSE,0.0047,FALSE
9th Congressional District,Northfield 49,49.0,1157,157,Mark Arnold Fredrickson,0,FALSE,0.0,FALSE
9th Congressional District,Northfield 51,51.0,3043,648,Mark Arnold Fredrickson,1,FALSE,0.0015,FALSE
9th Congressional District,Northfield 52,52.0,904,285,Mark Arnold Fredrickson,0,FALSE,0.0,FALSE
9th Congressional District,Northfield 53,53.0,1073,275,Mark Arnold Fredrickson,0,FALSE,0.0,FALSE
9th Congressional District,Northfield 56,56.0,1466,319,Mark Arnold Fredrickson,0,FALSE,0.0,FALSE
9th Congressional District,Northfield 57,57.0,820,176,Mark Arnold Fredrickson,0,FALSE,0.0,FALSE
9th Congressional District,Northfield Township Results,,41222,8691,Mark Arnold Fredrickson,15,FALSE,0.0017,FALSE
9th State Senate District,Northfield 4,4.0,1156,226,Rachel Ruttenberg,95,,0.4204,FALSE
9th State Senate District,Northfield 5,5.0,865,154,Rachel Ruttenberg,96,,0.6234,FALSE
9th State Senate District,Northfield 6,6.0,1160,261,Rachel Ruttenberg,89,,0.341,FALSE
9th State Senate District,Northfield 7,7.0,1578,389,Rachel Ruttenberg,188,,0.4833,FALSE
9th State Senate District,Northfield 10,10.0,1036,201,Rachel Ruttenberg,100,,0.4975,FALSE
9th State Senate District,Northfield 11,11.0,1494,52,Rachel Ruttenberg,24,,0.4615,FALSE
9th State Senate District,Northfield 12,12.0,1705,448,Rachel Ruttenberg,157,,0.3504,FALSE
9th State Senate District,Northfield 13,13.0,989,208,Rachel Ruttenberg,89,,0.4279,FALSE
9th State Senate District,Northfield 14,14.0,1063,39,Rachel Ruttenberg,17,,0.4359,FALSE
9th State Senate District,Northfield 19,19.0,1361,304,Rachel Ruttenberg,127,,0.4178,FALSE
9th State Senate District,Northfield 20,20.0,1070,263,Rachel Ruttenberg,167,,0.635,FALSE
9th State Senate District,Northfield 21,21.0,1581,388,Rachel Ruttenberg,150,,0.3866,FALSE
9th State Senate District,Northfield 24,24.0,1013,258,Rachel Ruttenberg,103,,0.3992,FALSE
9th State Senate District,Northfield 25,25.0,1034,212,Rachel Ruttenberg,110,,0.5189,FALSE
9th State Senate District,Northfield 30,30.0,1082,315,Rachel Ruttenberg,116,,0.3683,FALSE
9th State Senate District,Northfield 33,33.0,1078,97,Rachel Ruttenberg,40,,0.4124,FALSE
9th State Senate District,Northfield 34,34.0,776,204,Rachel Ruttenberg,73,,0.3578,FALSE
9th State Senate District,Northfield 38,38.0,903,205,Rachel Ruttenberg,89,,0.4341,FALSE
9th State Senate District,Northfield 41,41.0,909,261,Rachel Ruttenberg,149,,0.5709,FALSE
9th State Senate District,Northfield 42,42.0,1151,216,Rachel Ruttenberg,102,,0.4722,FALSE
9th State Senate District,Northfield 43,43.0,1183,244,Rachel Ruttenberg,159,,0.6516,FALSE
9th State Senate District,Northfield 44,44.0,811,205,Rachel Ruttenberg,82,,0.4,FALSE
9th State Senate District,Northfield 45,45.0,837,182,Rachel Ruttenberg,92,,0.5055,FALSE
9th State Senate District,Northfield 48,48.0,1015,215,Rachel Ruttenberg,94,,0.4372,FALSE
9th State Senate District,Northfield 49,49.0,1157,157,Rachel Ruttenberg,68,,0.4331,FALSE
9th State Senate District,Northfield 50,50.0,1439,47,Rachel Ruttenberg,30,,0.6383,FALSE
9th State Senate District,Northfield 51,51.0,3043,648,Rachel Ruttenberg,277,,0.4275,FALSE
9th State Senate District,Northfield 52,52.0,904,285,Rachel Ruttenberg,107,,0.3754,FALSE
9th State Senate District,Northfield 53,53.0,1073,275,Rachel Ruttenberg,166,,0.6036,FALSE
9th State Senate District,Northfield 56,56.0,1466,10,Rachel Ruttenberg,4,,0.4,FALSE
9th State Senate District,Northfield 57,57.0,820,176,Rachel Ruttenberg,97,,0.5511,FALSE
9th State Senate District,Northfield Township Results,,36752,7145,Rachel Ruttenberg,3257,,0.4558,FALSE
9th State Senate District,Northfield 4,4.0,1156,226,Patrick Hanley,100,,0.4425,FALSE
9th State Senate District,Northfield 5,5.0,865,154,Patrick Hanley,48,,0.3117,FALSE
9th State Senate District,Northfield 6,6.0,1160,261,Patrick Hanley,148,,0.567,FALSE
9th State Senate District,Northfield 7,7.0,1578,389,Patrick Hanley,145,,0.3728,FALSE
9th State Senate District,Northfield 10,10.0,1036,201,Patrick Hanley,89,,0.4428,FALSE
9th State Senate District,Northfield 11,11.0,1494,52,Patrick Hanley,19,,0.3654,FALSE
9th State Senate District,Northfield 12,12.0,1705,448,Patrick Hanley,248,,0.5536,FALSE
9th State Senate District,Northfield 13,13.0,989,208,Patrick Hanley,91,,0.4375,FALSE
9th State Senate District,Northfield 14,14.0,1063,39,Patrick Hanley,18,,0.4615,FALSE
9th State Senate District,Northfield 19,19.0,1361,304,Patrick Hanley,150,,0.4934,FALSE
9th State Senate District,Northfield 20,20.0,1070,263,Patrick Hanley,72,,0.2738,FALSE
9th State Senate District,Northfield 21,21.0,1581,388,Patrick Hanley,203,,0.5232,FALSE
9th State Senate District,Northfield 24,24.0,1013,258,Patrick Hanley,134,,0.5194,FALSE
9th State Senate District,Northfield 25,25.0,1034,212,Patrick Hanley,91,,0.4292,FALSE
9th State Senate District,Northfield 30,30.0,1082,315,Patrick Hanley,178,,0.5651,FALSE
9th State Senate District,Northfield 33,33.0,1078,97,Patrick Hanley,44,,0.4536,FALSE
9th State Senate District,Northfield 34,34.0,776,204,Patrick Hanley,109,,0.5343,FALSE
9th State Senate District,Northfield 38,38.0,903,205,Patrick Hanley,98,,0.478,FALSE
9th State Senate District,Northfield 41,41.0,909,261,Patrick Hanley,95,,0.364,FALSE
9th State Senate District,Northfield 42,42.0,1151,216,Patrick Hanley,102,,0.4722,FALSE
9th State Senate District,Northfield 43,43.0,1183,244,Patrick Hanley,64,,0.2623,FALSE
9th State Senate District,Northfield 44,44.0,811,205,Patrick Hanley,112,,0.5463,FALSE
9th State Senate District,Northfield 45,45.0,837,182,Patrick Hanley,75,,0.4121,FALSE
9th State Senate District,Northfield 48,48.0,1015,215,Patrick Hanley,99,,0.4605,FALSE
9th State Senate District,Northfield 49,49.0,1157,157,Patrick Hanley,74,,0.4713,FALSE
9th State Senate District,Northfield 50,50.0,1439,47,Patrick Hanley,15,,0.3191,FALSE
9th State Senate District,Northfield 51,51.0,3043,648,Patrick Hanley,327,,0.5046,FALSE
9th State Senate District,Northfield 52,52.0,904,285,Patrick Hanley,163,,0.5719,FALSE
9th State Senate District,Northfield 53,53.0,1073,275,Patrick Hanley,85,,0.3091,FALSE
9th State Senate District,Northfield 56,56.0,1466,10,Patrick Hanley,5,,0.5,FALSE
9th State Senate District,Northfield 57,57.0,820,176,Patrick Hanley,69,,0.392,FALSE
9th State Senate District,Northfield Township Results,,36752,7145,Patrick Hanley,3270,,0.4577,FALSE
Cook County Board President,Northfield 1,1.0,1856,170,Toni Preckwinkle,107,TRUE,0.6294,FALSE
Cook County Board President,Northfield 2,2.0,979,235,Toni Preckwinkle,135,TRUE,0.5745,FALSE
Cook County Board President,Northfield 3,3.0,1754,330,Toni Preckwinkle,190,TRUE,0.5758,FALSE
Cook County Board President,Northfield 4,4.0,1156,226,Toni Preckwinkle,113,TRUE,0.5,FALSE
Cook County Board President,Northfield 5,5.0,865,154,Toni Preckwinkle,95,TRUE,0.6169,FALSE
Cook County Board President,Northfield 6,6.0,1160,261,Toni Preckwinkle,133,TRUE,0.5096,FALSE
Cook County Board President,Northfield 7,7.0,1578,389,Toni Preckwinkle,201,TRUE,0.5167,FALSE
Cook County Board President,Northfield 8,8.0,1540,317,Toni Preckwinkle,166,TRUE,0.5237,FALSE
Cook County Board President,Northfield 9,9.0,790,217,Toni Preckwinkle,121,TRUE,0.5576,FALSE
Cook County Board President,Northfield 10,10.0,1036,201,Toni Preckwinkle,113,TRUE,0.5622,FALSE
Cook County Board President,Northfield 11,11.0,1494,289,Toni Preckwinkle,146,TRUE,0.5052,FALSE
Cook County Board President,Northfield 12,12.0,1705,448,Toni Preckwinkle,222,TRUE,0.4955,FALSE
Cook County Board President,Northfield 13,13.0,989,208,Toni Preckwinkle,117,TRUE,0.5625,FALSE
Cook County Board President,Northfield 14,14.0,1063,216,Toni Preckwinkle,144,TRUE,0.6667,FALSE
Cook County Board President,Northfield 15,15.0,1884,446,Toni Preckwinkle,258,TRUE,0.5785,FALSE
Cook County Board President,Northfield 16,16.0,1222,252,Toni Preckwinkle,136,TRUE,0.5397,FALSE
Cook County Board President,Northfield 17,17.0,1839,283,Toni Preckwinkle,149,TRUE,0.5265,FALSE
Cook County Board President,Northfield 18,18.0,1382,319,Toni Preckwinkle,192,TRUE,0.6019,FALSE
Cook County Board President,Northfield 19,19.0,1361,304,Toni Preckwinkle,167,TRUE,0.5493,FALSE
Cook County Board President,Northfield 20,20.0,1070,263,Toni Preckwinkle,131,TRUE,0.4981,FALSE
Cook County Board President,Northfield 21,21.0,1581,388,Toni Preckwinkle,184,TRUE,0.4742,FALSE
Cook County Board President,Northfield 22,22.0,1160,258,Toni Preckwinkle,142,TRUE,0.5504,FALSE
Cook County Board President,Northfield 23,23.0,860,184,Toni Preckwinkle,86,TRUE,0.4674,FALSE
Cook County Board President,Northfield 24,24.0,1013,258,Toni Preckwinkle,138,TRUE,0.5349,FALSE
Cook County Board President,Northfield 25,25.0,1034,212,Toni Preckwinkle,127,TRUE,0.5991,FALSE
Cook County Board President,Northfield 26,26.0,965,231,Toni Preckwinkle,160,TRUE,0.6926,FALSE
Cook County Board President,Northfield 27,27.0,1495,212,Toni Preckwinkle,133,TRUE,0.6274,FALSE
Cook County Board President,Northfield 28,28.0,2141,399,Toni Preckwinkle,243,TRUE,0.609,FALSE
Cook County Board President,Northfield 29,29.0,895,210,Toni Preckwinkle,128,TRUE,0.6095,FALSE
Cook County Board President,Northfield 30,30.0,1082,315,Toni Preckwinkle,152,TRUE,0.4825,FALSE
Cook County Board President,Northfield 31,31.0,1413,276,Toni Preckwinkle,140,TRUE,0.5072,FALSE
Cook County Board President,Northfield 32,32.0,1433,291,Toni Preckwinkle,174,TRUE,0.5979,FALSE
Cook County Board President,Northfield 33,33.0,1078,97,Toni Preckwinkle,51,TRUE,0.5258,FALSE
Cook County Board President,Northfield 34,34.0,776,204,Toni Preckwinkle,108,TRUE,0.5294,FALSE
Cook County Board President,Northfield 35,35.0,1188,230,Toni Preckwinkle,121,TRUE,0.5261,FALSE
Cook County Board President,Northfield 36,36.0,1106,199,Toni Preckwinkle,124,TRUE,0.6231,FALSE
Cook County Board President,Northfield 37,37.0,1254,385,Toni Preckwinkle,210,TRUE,0.5455,FALSE
Cook County Board President,Northfield 38,38.0,903,205,Toni Preckwinkle,113,TRUE,0.5512,FALSE
Cook County Board President,Northfield 39,39.0,702,124,Toni Preckwinkle,70,TRUE,0.5645,FALSE
Cook County Board President,Northfield 40,40.0,816,133,Toni Preckwinkle,85,TRUE,0.6391,FALSE
Cook County Board President,Northfield 41,41.0,909,261,Toni Preckwinkle,136,TRUE,0.5211,FALSE
Cook County Board President,Northfield 42,42.0,1151,216,Toni Preckwinkle,121,TRUE,0.5602,FALSE
Cook County Board President,Northfield 43,43.0,1183,244,Toni Preckwinkle,153,TRUE,0.627,FALSE
Cook County Board President,Northfield 44,44.0,811,205,Toni Preckwinkle,125,TRUE,0.6098,FALSE
Cook County Board President,Northfield 45,45.0,837,182,Toni Preckwinkle,94,TRUE,0.5165,FALSE
Cook County Board President,Northfield 46,46.0,1441,263,Toni Preckwinkle,153,TRUE,0.5817,FALSE
Cook County Board President,Northfield 47,47.0,1386,390,Toni Preckwinkle,232,TRUE,0.5949,FALSE
Cook County Board President,Northfield 48,48.0,1015,215,Toni Preckwinkle,110,TRUE,0.5116,FALSE
Cook County Board President,Northfield 49,49.0,1157,157,Toni Preckwinkle,80,TRUE,0.5096,FALSE
Cook County Board President,Northfield 50,50.0,1439,230,Toni Preckwinkle,134,TRUE,0.5826,FALSE
Cook County Board President,Northfield 51,51.0,3043,648,Toni Preckwinkle,370,TRUE,0.571,FALSE
Cook County Board President,Northfield 52,52.0,904,285,Toni Preckwinkle,157,TRUE,0.5509,FALSE
Cook County Board President,Northfield 53,53.0,1073,275,Toni Preckwinkle,142,TRUE,0.5164,FALSE
Cook County Board President,Northfield 54,54.0,1740,400,Toni Preckwinkle,220,TRUE,0.55,FALSE
Cook County Board President,Northfield 55,55.0,1015,287,Toni Preckwinkle,177,TRUE,0.6167,FALSE
Cook County Board President,Northfield 56,56.0,1466,319,Toni Preckwinkle,195,TRUE,0.6113,FALSE
Cook County Board President,Northfield 57,57.0,820,176,Toni Preckwinkle,93,TRUE,0.5284,FALSE
Cook County Board President,Northfield 58,58.0,604,102,Toni Preckwinkle,55,TRUE,0.5392,FALSE
Cook County Board President,Northfield Township Results,,71612,15194,Toni Preckwinkle,8472,TRUE,0.5576,FALSE
Cook County Board President,Northfield 1,1.0,1856,170,Brendan Reilly,41,FALSE,0.2412,FALSE
Cook County Board President,Northfield 2,2.0,979,235,Brendan Reilly,89,FALSE,0.3787,FALSE
Cook County Board President,Northfield 3,3.0,1754,330,Brendan Reilly,120,FALSE,0.3636,FALSE
Cook County Board President,Northfield 4,4.0,1156,226,Brendan Reilly,82,FALSE,0.3628,FALSE
Cook County Board President,Northfield 5,5.0,865,154,Brendan Reilly,48,FALSE,0.3117,FALSE
Cook County Board President,Northfield 6,6.0,1160,261,Brendan Reilly,110,FALSE,0.4215,FALSE
Cook County Board President,Northfield 7,7.0,1578,389,Brendan Reilly,147,FALSE,0.3779,FALSE
Cook County Board President,Northfield 8,8.0,1540,317,Brendan Reilly,127,FALSE,0.4006,FALSE
Cook County Board President,Northfield 9,9.0,790,217,Brendan Reilly,77,FALSE,0.3548,FALSE
Cook County Board President,Northfield 10,10.0,1036,201,Brendan Reilly,78,FALSE,0.3881,FALSE
Cook County Board President,Northfield 11,11.0,1494,289,Brendan Reilly,125,FALSE,0.4325,FALSE
Cook County Board President,Northfield 12,12.0,1705,448,Brendan Reilly,198,FALSE,0.442,FALSE
Cook County Board President,Northfield 13,13.0,989,208,Brendan Reilly,66,FALSE,0.3173,FALSE
Cook County Board President,Northfield 14,14.0,1063,216,Brendan Reilly,64,FALSE,0.2963,FALSE
Cook County Board President,Northfield 15,15.0,1884,446,Brendan Reilly,164,FALSE,0.3677,FALSE
Cook County Board President,Northfield 16,16.0,1222,252,Brendan Reilly,105,FALSE,0.4167,FALSE
Cook County Board President,Northfield 17,17.0,1839,283,Brendan Reilly,124,FALSE,0.4382,FALSE
Cook County Board President,Northfield 18,18.0,1382,319,Brendan Reilly,110,FALSE,0.3448,FALSE
Cook County Board President,Northfield 19,19.0,1361,304,Brendan Reilly,125,FALSE,0.4112,FALSE
Cook County Board President,Northfield 20,20.0,1070,263,Brendan Reilly,114,FALSE,0.4335,FALSE
Cook County Board President,Northfield 21,21.0,1581,388,Brendan Reilly,179,FALSE,0.4613,FALSE
Cook County Board President,Northfield 22,22.0,1160,258,Brendan Reilly,101,FALSE,0.3915,FALSE
Cook County Board President,Northfield 23,23.0,860,184,Brendan Reilly,86,FALSE,0.4674,FALSE
Cook County Board President,Northfield 24,24.0,1013,258,Brendan Reilly,101,FALSE,0.3915,FALSE
Cook County Board President,Northfield 25,25.0,1034,212,Brendan Reilly,69,FALSE,0.3255,FALSE
Cook County Board President,Northfield 26,26.0,965,231,Brendan Reilly,63,FALSE,0.2727,FALSE
Cook County Board President,Northfield 27,27.0,1495,212,Brendan Reilly,65,FALSE,0.3066,FALSE
Cook County Board President,Northfield 28,28.0,2141,399,Brendan Reilly,137,FALSE,0.3434,FALSE
Cook County Board President,Northfield 29,29.0,895,210,Brendan Reilly,69,FALSE,0.3286,FALSE
Cook County Board President,Northfield 30,30.0,1082,315,Brendan Reilly,140,FALSE,0.4444,FALSE
Cook County Board President,Northfield 31,31.0,1413,276,Brendan Reilly,115,FALSE,0.4167,FALSE
Cook County Board President,Northfield 32,32.0,1433,291,Brendan Reilly,98,FALSE,0.3368,FALSE
Cook County Board President,Northfield 33,33.0,1078,97,Brendan Reilly,40,FALSE,0.4124,FALSE
Cook County Board President,Northfield 34,34.0,776,204,Brendan Reilly,88,FALSE,0.4314,FALSE
Cook County Board President,Northfield 35,35.0,1188,230,Brendan Reilly,93,FALSE,0.4043,FALSE
Cook County Board President,Northfield 36,36.0,1106,199,Brendan Reilly,70,FALSE,0.3518,FALSE
Cook County Board President,Northfield 37,37.0,1254,385,Brendan Reilly,139,FALSE,0.361,FALSE
Cook County Board President,Northfield 38,38.0,903,205,Brendan Reilly,75,FALSE,0.3659,FALSE
Cook County Board President,Northfield 39,39.0,702,124,Brendan Reilly,49,FALSE,0.3952,FALSE
Cook County Board President,Northfield 40,40.0,816,133,Brendan Reilly,46,FALSE,0.3459,FALSE
Cook County Board President,Northfield 41,41.0,909,261,Brendan Reilly,106,FALSE,0.4061,FALSE
Cook County Board President,Northfield 42,42.0,1151,216,Brendan Reilly,84,FALSE,0.3889,FALSE
Cook County Board President,Northfield 43,43.0,1183,244,Brendan Reilly,73,FALSE,0.2992,FALSE
Cook County Board President,Northfield 44,44.0,811,205,Brendan Reilly,70,FALSE,0.3415,FALSE
Cook County Board President,Northfield 45,45.0,837,182,Brendan Reilly,77,FALSE,0.4231,FALSE
Cook County Board President,Northfield 46,46.0,1441,263,Brendan Reilly,99,FALSE,0.3764,FALSE
Cook County Board President,Northfield 47,47.0,1386,390,Brendan Reilly,142,FALSE,0.3641,FALSE
Cook County Board President,Northfield 48,48.0,1015,215,Brendan Reilly,89,FALSE,0.414,FALSE
Cook County Board President,Northfield 49,49.0,1157,157,Brendan Reilly,65,FALSE,0.414,FALSE
Cook County Board President,Northfield 50,50.0,1439,230,Brendan Reilly,86,FALSE,0.3739,FALSE
Cook County Board President,Northfield 51,51.0,3043,648,Brendan Reilly,234,FALSE,0.3611,FALSE
Cook County Board President,Northfield 52,52.0,904,285,Brendan Reilly,114,FALSE,0.4,FALSE
Cook County Board President,Northfield 53,53.0,1073,275,Brendan Reilly,115,FALSE,0.4182,FALSE
Cook County Board President,Northfield 54,54.0,1740,400,Brendan Reilly,159,FALSE,0.3975,FALSE
Cook County Board President,Northfield 55,55.0,1015,287,Brendan Reilly,98,FALSE,0.3415,FALSE
Cook County Board President,Northfield 56,56.0,1466,319,Brendan Reilly,96,FALSE,0.3009,FALSE
Cook County Board President,Northfield 57,57.0,820,176,Brendan Reilly,67,FALSE,0.3807,FALSE
Cook County Board President,Northfield 58,58.0,604,102,Brendan Reilly,42,FALSE,0.4118,FALSE
Cook County Board President,Northfield Township Results,,71612,15194,Brendan Reilly,5753,FALSE,0.3786,FALSE
Cook County Assessor,Northfield 1,1.0,1856,170,Fritz Kaegi,89,TRUE,0.5235,FALSE
Cook County Assessor,Northfield 2,2.0,979,235,Fritz Kaegi,130,TRUE,0.5532,FALSE
Cook County Assessor,Northfield 3,3.0,1754,330,Fritz Kaegi,150,TRUE,0.4545,FALSE
Cook County Assessor,Northfield 4,4.0,1156,226,Fritz Kaegi,104,TRUE,0.4602,FALSE
Cook County Assessor,Northfield 5,5.0,865,154,Fritz Kaegi,82,TRUE,0.5325,FALSE
Cook County Assessor,Northfield 6,6.0,1160,261,Fritz Kaegi,132,TRUE,0.5057,FALSE
Cook County Assessor,Northfield 7,7.0,1578,389,Fritz Kaegi,175,TRUE,0.4499,FALSE
Cook County Assessor,Northfield 8,8.0,1540,317,Fritz Kaegi,165,TRUE,0.5205,FALSE
Cook County Assessor,Northfield 9,9.0,790,217,Fritz Kaegi,100,TRUE,0.4608,FALSE
Cook County Assessor,Northfield 10,10.0,1036,201,Fritz Kaegi,101,TRUE,0.5025,FALSE
Cook County Assessor,Northfield 11,11.0,1494,289,Fritz Kaegi,140,TRUE,0.4844,FALSE
Cook County Assessor,Northfield 12,12.0,1705,448,Fritz Kaegi,204,TRUE,0.4554,FALSE
Cook County Assessor,Northfield 13,13.0,989,208,Fritz Kaegi,92,TRUE,0.4423,FALSE
Cook County Assessor,Northfield 14,14.0,1063,216,Fritz Kaegi,111,TRUE,0.5139,FALSE
Cook County Assessor,Northfield 15,15.0,1884,446,Fritz Kaegi,255,TRUE,0.5717,FALSE
Cook County Assessor,Northfield 16,16.0,1222,252,Fritz Kaegi,145,TRUE,0.5754,FALSE
Cook County Assessor,Northfield 17,17.0,1839,283,Fritz Kaegi,138,TRUE,0.4876,FALSE
Cook County Assessor,Northfield 18,18.0,1382,319,Fritz Kaegi,202,TRUE,0.6332,FALSE
Cook County Assessor,Northfield 19,19.0,1361,304,Fritz Kaegi,154,TRUE,0.5066,FALSE
Cook County Assessor,Northfield 20,20.0,1070,263,Fritz Kaegi,147,TRUE,0.5589,FALSE
Cook County Assessor,Northfield 21,21.0,1581,388,Fritz Kaegi,178,TRUE,0.4588,FALSE
Cook County Assessor,Northfield 22,22.0,1160,258,Fritz Kaegi,120,TRUE,0.4651,FALSE
Cook County Assessor,Northfield 23,23.0,860,184,Fritz Kaegi,93,TRUE,0.5054,FALSE
Cook County Assessor,Northfield 24,24.0,1013,258,Fritz Kaegi,105,TRUE,0.407,FALSE
Cook County Assessor,Northfield 25,25.0,1034,212,Fritz Kaegi,104,TRUE,0.4906,FALSE
Cook County Assessor,Northfield 26,26.0,965,231,Fritz Kaegi,143,TRUE,0.619,FALSE
Cook County Assessor,Northfield 27,27.0,1495,212,Fritz Kaegi,100,TRUE,0.4717,FALSE
Cook County Assessor,Northfield 28,28.0,2141,399,Fritz Kaegi,210,TRUE,0.5263,FALSE
Cook County Assessor,Northfield 29,29.0,895,210,Fritz Kaegi,113,TRUE,0.5381,FALSE
Cook County Assessor,Northfield 30,30.0,1082,315,Fritz Kaegi,138,TRUE,0.4381,FALSE
Cook County Assessor,Northfield 31,31.0,1413,276,Fritz Kaegi,117,TRUE,0.4239,FALSE
Cook County Assessor,Northfield 32,32.0,1433,291,Fritz Kaegi,161,TRUE,0.5533,FALSE
Cook County Assessor,Northfield 33,33.0,1078,97,Fritz Kaegi,44,TRUE,0.4536,FALSE
Cook County Assessor,Northfield 34,34.0,776,204,Fritz Kaegi,100,TRUE,0.4902,FALSE
Cook County Assessor,Northfield 35,35.0,1188,230,Fritz Kaegi,107,TRUE,0.4652,FALSE
Cook County Assessor,Northfield 36,36.0,1106,199,Fritz Kaegi,125,TRUE,0.6281,FALSE
Cook County Assessor,Northfield 37,37.0,1254,385,Fritz Kaegi,149,TRUE,0.387,FALSE
Cook County Assessor,Northfield 38,38.0,903,205,Fritz Kaegi,105,TRUE,0.5122,FALSE
Cook County Assessor,Northfield 39,39.0,702,124,Fritz Kaegi,56,TRUE,0.4516,FALSE
Cook County Assessor,Northfield 40,40.0,816,133,Fritz Kaegi,67,TRUE,0.5038,FALSE
Cook County Assessor,Northfield 41,41.0,909,261,Fritz Kaegi,141,TRUE,0.5402,FALSE
Cook County Assessor,Northfield 42,42.0,1151,216,Fritz Kaegi,135,TRUE,0.625,FALSE
Cook County Assessor,Northfield 43,43.0,1183,244,Fritz Kaegi,135,TRUE,0.5533,FALSE
Cook County Assessor,Northfield 44,44.0,811,205,Fritz Kaegi,119,TRUE,0.5805,FALSE
Cook County Assessor,Northfield 45,45.0,837,182,Fritz Kaegi,85,TRUE,0.467,FALSE
Cook County Assessor,Northfield 46,46.0,1441,263,Fritz Kaegi,147,TRUE,0.5589,FALSE
Cook County Assessor,Northfield 47,47.0,1386,390,Fritz Kaegi,229,TRUE,0.5872,FALSE
Cook County Assessor,Northfield 48,48.0,1015,215,Fritz Kaegi,107,TRUE,0.4977,FALSE
Cook County Assessor,Northfield 49,49.0,1157,157,Fritz Kaegi,78,TRUE,0.4968,FALSE
Cook County Assessor,Northfield 50,50.0,1439,230,Fritz Kaegi,121,TRUE,0.5261,FALSE
Cook County Assessor,Northfield 51,51.0,3043,648,Fritz Kaegi,327,TRUE,0.5046,FALSE
Cook County Assessor,Northfield 52,52.0,904,285,Fritz Kaegi,140,TRUE,0.4912,FALSE
Cook County Assessor,Northfield 53,53.0,1073,275,Fritz Kaegi,136,TRUE,0.4945,FALSE
Cook County Assessor,Northfield 54,54.0,1740,400,Fritz Kaegi,193,TRUE,0.4825,FALSE
Cook County Assessor,Northfield 55,55.0,1015,287,Fritz Kaegi,172,TRUE,0.5993,FALSE
Cook County Assessor,Northfield 56,56.0,1466,319,Fritz Kaegi,163,TRUE,0.511,FALSE
Cook County Assessor,Northfield 57,57.0,820,176,Fritz Kaegi,91,TRUE,0.517,FALSE
Cook County Assessor,Northfield 58,58.0,604,102,Fritz Kaegi,48,TRUE,0.4706,FALSE
Cook County Assessor,Northfield Township Results,,71612,15194,Fritz Kaegi,7718,TRUE,0.508,FALSE
Cook County Assessor,Northfield 1,1.0,1856,170,Pat Hynes,58,FALSE,0.3412,FALSE
Cook County Assessor,Northfield 2,2.0,979,235,Pat Hynes,89,FALSE,0.3787,FALSE
Cook County Assessor,Northfield 3,3.0,1754,330,Pat Hynes,144,FALSE,0.4364,FALSE
Cook County Assessor,Northfield 4,4.0,1156,226,Pat Hynes,93,FALSE,0.4115,FALSE
Cook County Assessor,Northfield 5,5.0,865,154,Pat Hynes,56,FALSE,0.3636,FALSE
Cook County Assessor,Northfield 6,6.0,1160,261,Pat Hynes,98,FALSE,0.3755,FALSE
Cook County Assessor,Northfield 7,7.0,1578,389,Pat Hynes,148,FALSE,0.3805,FALSE
Cook County Assessor,Northfield 8,8.0,1540,317,Pat Hynes,116,FALSE,0.3659,FALSE
Cook County Assessor,Northfield 9,9.0,790,217,Pat Hynes,92,FALSE,0.424,FALSE
Cook County Assessor,Northfield 10,10.0,1036,201,Pat Hynes,89,FALSE,0.4428,FALSE
Cook County Assessor,Northfield 11,11.0,1494,289,Pat Hynes,119,FALSE,0.4118,FALSE
Cook County Assessor,Northfield 12,12.0,1705,448,Pat Hynes,197,FALSE,0.4397,FALSE
Cook County Assessor,Northfield 13,13.0,989,208,Pat Hynes,85,FALSE,0.4087,FALSE
Cook County Assessor,Northfield 14,14.0,1063,216,Pat Hynes,91,FALSE,0.4213,FALSE
Cook County Assessor,Northfield 15,15.0,1884,446,Pat Hynes,161,FALSE,0.361,FALSE
Cook County Assessor,Northfield 16,16.0,1222,252,Pat Hynes,90,FALSE,0.3571,FALSE
Cook County Assessor,Northfield 17,17.0,1839,283,Pat Hynes,125,FALSE,0.4417,FALSE
Cook County Assessor,Northfield 18,18.0,1382,319,Pat Hynes,97,FALSE,0.3041,FALSE
Cook County Assessor,Northfield 19,19.0,1361,304,Pat Hynes,126,FALSE,0.4145,FALSE
Cook County Assessor,Northfield 20,20.0,1070,263,Pat Hynes,92,FALSE,0.3498,FALSE
Cook County Assessor,Northfield 21,21.0,1581,388,Pat Hynes,169,FALSE,0.4356,FALSE
Cook County Assessor,Northfield 22,22.0,1160,258,Pat Hynes,109,FALSE,0.4225,FALSE
Cook County Assessor,Northfield 23,23.0,860,184,Pat Hynes,73,FALSE,0.3967,FALSE
Cook County Assessor,Northfield 24,24.0,1013,258,Pat Hynes,124,FALSE,0.4806,FALSE
Cook County Assessor,Northfield 25,25.0,1034,212,Pat Hynes,91,FALSE,0.4292,FALSE
Cook County Assessor,Northfield 26,26.0,965,231,Pat Hynes,77,FALSE,0.3333,FALSE
Cook County Assessor,Northfield 27,27.0,1495,212,Pat Hynes,94,FALSE,0.4434,FALSE
Cook County Assessor,Northfield 28,28.0,2141,399,Pat Hynes,165,FALSE,0.4135,FALSE
Cook County Assessor,Northfield 29,29.0,895,210,Pat Hynes,79,FALSE,0.3762,FALSE
Cook County Assessor,Northfield 30,30.0,1082,315,Pat Hynes,146,FALSE,0.4635,FALSE
Cook County Assessor,Northfield 31,31.0,1413,276,Pat Hynes,127,FALSE,0.4601,FALSE
Cook County Assessor,Northfield 32,32.0,1433,291,Pat Hynes,104,FALSE,0.3574,FALSE
Cook County Assessor,Northfield 33,33.0,1078,97,Pat Hynes,39,FALSE,0.4021,FALSE
Cook County Assessor,Northfield 34,34.0,776,204,Pat Hynes,94,FALSE,0.4608,FALSE
Cook County Assessor,Northfield 35,35.0,1188,230,Pat Hynes,100,FALSE,0.4348,FALSE
Cook County Assessor,Northfield 36,36.0,1106,199,Pat Hynes,61,FALSE,0.3065,FALSE
Cook County Assessor,Northfield 37,37.0,1254,385,Pat Hynes,171,FALSE,0.4442,FALSE
Cook County Assessor,Northfield 38,38.0,903,205,Pat Hynes,82,FALSE,0.4,FALSE
Cook County Assessor,Northfield 39,39.0,702,124,Pat Hynes,55,FALSE,0.4435,FALSE
Cook County Assessor,Northfield 40,40.0,816,133,Pat Hynes,56,FALSE,0.4211,FALSE
Cook County Assessor,Northfield 41,41.0,909,261,Pat Hynes,95,FALSE,0.364,FALSE
Cook County Assessor,Northfield 42,42.0,1151,216,Pat Hynes,69,FALSE,0.3194,FALSE
Cook County Assessor,Northfield 43,43.0,1183,244,Pat Hynes,88,FALSE,0.3607,FALSE
Cook County Assessor,Northfield 44,44.0,811,205,Pat Hynes,72,FALSE,0.3512,FALSE
Cook County Assessor,Northfield 45,45.0,837,182,Pat Hynes,81,FALSE,0.4451,FALSE
Cook County Assessor,Northfield 46,46.0,1441,263,Pat Hynes,101,FALSE,0.384,FALSE
Cook County Assessor,Northfield 47,47.0,1386,390,Pat Hynes,135,FALSE,0.3462,FALSE
Cook County Assessor,Northfield 48,48.0,1015,215,Pat Hynes,83,FALSE,0.386,FALSE
Cook County Assessor,Northfield 49,49.0,1157,157,Pat Hynes,64,FALSE,0.4076,FALSE
Cook County Assessor,Northfield 50,50.0,1439,230,Pat Hynes,92,FALSE,0.4,FALSE
Cook County Assessor,Northfield 51,51.0,3043,648,Pat Hynes,256,FALSE,0.3951,FALSE
Cook County Assessor,Northfield 52,52.0,904,285,Pat Hynes,124,FALSE,0.4351,FALSE
Cook County Assessor,Northfield 53,53.0,1073,275,Pat Hynes,115,FALSE,0.4182,FALSE
Cook County Assessor,Northfield 54,54.0,1740,400,Pat Hynes,171,FALSE,0.4275,FALSE
Cook County Assessor,Northfield 55,55.0,1015,287,Pat Hynes,100,FALSE,0.3484,FALSE
Cook County Assessor,Northfield 56,56.0,1466,319,Pat Hynes,128,FALSE,0.4013,FALSE
Cook County Assessor,Northfield 57,57.0,820,176,Pat Hynes,72,FALSE,0.4091,FALSE
Cook County Assessor,Northfield 58,58.0,604,102,Pat Hynes,46,FALSE,0.451,FALSE
Cook County Assessor,Northfield Township Results,,71612,15194,Pat Hynes,6074,FALSE,0.3998,FALSE
Comptroller,Northfield 1,1.0,1856,165,Karina Villa,45,FALSE,0.2727,FALSE
Comptroller,Northfield 2,2.0,979,225,Karina Villa,29,FALSE,0.1289,FALSE
Comptroller,Northfield 3,3.0,1754,322,Karina Villa,36,FALSE,0.1118,FALSE
Comptroller,Northfield 4,4.0,1156,219,Karina Villa,56,FALSE,0.2557,FALSE
Comptroller,Northfield 5,5.0,865,150,Karina Villa,26,FALSE,0.1733,FALSE
Comptroller,Northfield 6,6.0,1160,248,Karina Villa,40,FALSE,0.1613,FALSE
Comptroller,Northfield 7,7.0,1578,377,Karina Villa,53,FALSE,0.1406,FALSE
Comptroller,Northfield 8,8.0,1540,307,Karina Villa,34,FALSE,0.1107,FALSE
Comptroller,Northfield 9,9.0,790,213,Karina Villa,26,FALSE,0.1221,FALSE
Comptroller,Northfield 10,10.0,1036,201,Karina Villa,45,FALSE,0.2239,FALSE
Comptroller,Northfield 11,11.0,1494,283,Karina Villa,32,FALSE,0.1131,FALSE
Comptroller,Northfield 12,12.0,1705,439,Karina Villa,47,FALSE,0.1071,FALSE
Comptroller,Northfield 13,13.0,989,194,Karina Villa,32,FALSE,0.1649,FALSE
Comptroller,Northfield 14,14.0,1063,209,Karina Villa,33,FALSE,0.1579,FALSE
Comptroller,Northfield 15,15.0,1884,433,Karina Villa,56,FALSE,0.1293,FALSE
Comptroller,Northfield 16,16.0,1222,238,Karina Villa,19,FALSE,0.0798,FALSE
Comptroller,Northfield 17,17.0,1839,267,Karina Villa,37,FALSE,0.1386,FALSE
Comptroller,Northfield 18,18.0,1382,312,Karina Villa,26,FALSE,0.0833,FALSE
Comptroller,Northfield 19,19.0,1361,297,Karina Villa,50,FALSE,0.1684,FALSE
Comptroller,Northfield 20,20.0,1070,256,Karina Villa,39,FALSE,0.1523,FALSE
Comptroller,Northfield 21,21.0,1581,380,Karina Villa,49,FALSE,0.1289,FALSE
Comptroller,Northfield 22,22.0,1160,251,Karina Villa,27,FALSE,0.1076,FALSE
Comptroller,Northfield 23,23.0,860,179,Karina Villa,16,FALSE,0.0894,FALSE
Comptroller,Northfield 24,24.0,1013,251,Karina Villa,50,FALSE,0.1992,FALSE
Comptroller,Northfield 25,25.0,1034,210,Karina Villa,40,FALSE,0.1905,FALSE
Comptroller,Northfield 26,26.0,965,227,Karina Villa,31,FALSE,0.1366,FALSE
Comptroller,Northfield 27,27.0,1495,209,Karina Villa,43,FALSE,0.2057,FALSE
Comptroller,Northfield 28,28.0,2141,381,Karina Villa,65,FALSE,0.1706,FALSE
Comptroller,Northfield 29,29.0,895,205,Karina Villa,29,FALSE,0.1415,FALSE
Comptroller,Northfield 30,30.0,1082,308,Karina Villa,34,FALSE,0.1104,FALSE
Comptroller,Northfield 31,31.0,1413,260,Karina Villa,42,FALSE,0.1615,FALSE
Comptroller,Northfield 32,32.0,1433,280,Karina Villa,31,FALSE,0.1107,FALSE
Comptroller,Northfield 33,33.0,1078,94,Karina Villa,13,FALSE,0.1383,FALSE
Comptroller,Northfield 34,34.0,776,193,Karina Villa,13,FALSE,0.0674,FALSE
Comptroller,Northfield 35,35.0,1188,221,Karina Villa,34,FALSE,0.1538,FALSE
Comptroller,Northfield 36,36.0,1106,194,Karina Villa,15,FALSE,0.0773,FALSE
Comptroller,Northfield 37,37.0,1254,369,Karina Villa,58,FALSE,0.1572,FALSE
Comptroller,Northfield 38,38.0,903,200,Karina Villa,41,FALSE,0.205,FALSE
Comptroller,Northfield 39,39.0,702,121,Karina Villa,26,FALSE,0.2149,FALSE
Comptroller,Northfield 40,40.0,816,127,Karina Villa,16,FALSE,0.126,FALSE
Comptroller,Northfield 41,41.0,909,252,Karina Villa,32,FALSE,0.127,FALSE
Comptroller,Northfield 42,42.0,1151,208,Karina Villa,22,FALSE,0.1058,FALSE
Comptroller,Northfield 43,43.0,1183,238,Karina Villa,32,FALSE,0.1345,FALSE
Comptroller,Northfield 44,44.0,811,200,Karina Villa,22,FALSE,0.11,FALSE
Comptroller,Northfield 45,45.0,837,176,Karina Villa,17,FALSE,0.0966,FALSE
Comptroller,Northfield 46,46.0,1441,259,Karina Villa,23,FALSE,0.0888,FALSE
Comptroller,Northfield 47,47.0,1386,379,Karina Villa,29,FALSE,0.0765,FALSE
Comptroller,Northfield 48,48.0,1015,210,Karina Villa,26,FALSE,0.1238,FALSE
Comptroller,Northfield 49,49.0,1157,147,Karina Villa,36,FALSE,0.2449,FALSE
Comptroller,Northfield 50,50.0,1439,226,Karina Villa,25,FALSE,0.1106,FALSE
Comptroller,Northfield 51,51.0,3043,630,Karina Villa,80,FALSE,0.127,FALSE
Comptroller,Northfield 52,52.0,904,277,Karina Villa,37,FALSE,0.1336,FALSE
Comptroller,Northfield 53,53.0,1073,263,Karina Villa,21,FALSE,0.0798,FALSE
Comptroller,Northfield 54,54.0,1740,384,Karina Villa,29,FALSE,0.0755,FALSE
Comptroller,Northfield 55,55.0,1015,274,Karina Villa,28,FALSE,0.1022,FALSE
Comptroller,Northfield 56,56.0,1466,311,Karina Villa,56,FALSE,0.1801,FALSE
Comptroller,Northfield 57,57.0,820,166,Karina Villa,23,FALSE,0.1386,FALSE
Comptroller,Northfield 58,58.0,604,100,Karina Villa,14,FALSE,0.14,FALSE
Comptroller,Northfield Township Results,,71612,14715,Karina Villa,1986,FALSE,0.135,FALSE
Comptroller,Northfield 1,1.0,1856,165,Stephanie A. Kifowit,6,FALSE,0.0364,FALSE
Comptroller,Northfield 2,2.0,979,225,Stephanie A. Kifowit,8,FALSE,0.0356,FALSE
Comptroller,Northfield 3,3.0,1754,322,Stephanie A. Kifowit,9,FALSE,0.028,FALSE
Comptroller,Northfield 4,4.0,1156,219,Stephanie A. Kifowit,4,FALSE,0.0183,FALSE
Comptroller,Northfield 5,5.0,865,150,Stephanie A. Kifowit,10,FALSE,0.0667,FALSE
Comptroller,Northfield 6,6.0,1160,248,Stephanie A. Kifowit,10,FALSE,0.0403,FALSE
Comptroller,Northfield 7,7.0,1578,377,Stephanie A. Kifowit,18,FALSE,0.0477,FALSE
Comptroller,Northfield 8,8.0,1540,307,Stephanie A. Kifowit,18,FALSE,0.0586,FALSE
Comptroller,Northfield 9,9.0,790,213,Stephanie A. Kifowit,10,FALSE,0.0469,FALSE
Comptroller,Northfield 10,10.0,1036,201,Stephanie A. Kifowit,12,FALSE,0.0597,FALSE
Comptroller,Northfield 11,11.0,1494,283,Stephanie A. Kifowit,18,FALSE,0.0636,FALSE
Comptroller,Northfield 12,12.0,1705,439,Stephanie A. Kifowit,21,FALSE,0.0478,FALSE
Comptroller,Northfield 13,13.0,989,194,Stephanie A. Kifowit,6,FALSE,0.0309,FALSE
Comptroller,Northfield 14,14.0,1063,209,Stephanie A. Kifowit,6,FALSE,0.0287,FALSE
Comptroller,Northfield 15,15.0,1884,433,Stephanie A. Kifowit,21,FALSE,0.0485,FALSE
Comptroller,Northfield 16,16.0,1222,238,Stephanie A. Kifowit,13,FALSE,0.0546,FALSE
Comptroller,Northfield 17,17.0,1839,267,Stephanie A. Kifowit,16,FALSE,0.0599,FALSE
Comptroller,Northfield 18,18.0,1382,312,Stephanie A. Kifowit,10,FALSE,0.0321,FALSE
Comptroller,Northfield 19,19.0,1361,297,Stephanie A. Kifowit,6,FALSE,0.0202,FALSE
Comptroller,Northfield 20,20.0,1070,256,Stephanie A. Kifowit,8,FALSE,0.0312,FALSE
Comptroller,Northfield 21,21.0,1581,380,Stephanie A. Kifowit,22,FALSE,0.0579,FALSE
Comptroller,Northfield 22,22.0,1160,251,Stephanie A. Kifowit,8,FALSE,0.0319,FALSE
Comptroller,Northfield 23,23.0,860,179,Stephanie A. Kifowit,7,FALSE,0.0391,FALSE
Comptroller,Northfield 24,24.0,1013,251,Stephanie A. Kifowit,10,FALSE,0.0398,FALSE
Comptroller,Northfield 25,25.0,1034,210,Stephanie A. Kifowit,10,FALSE,0.0476,FALSE
Comptroller,Northfield 26,26.0,965,227,Stephanie A. Kifowit,15,FALSE,0.0661,FALSE
Comptroller,Northfield 27,27.0,1495,209,Stephanie A. Kifowit,6,FALSE,0.0287,FALSE
Comptroller,Northfield 28,28.0,2141,381,Stephanie A. Kifowit,21,FALSE,0.0551,FALSE
Comptroller,Northfield 29,29.0,895,205,Stephanie A. Kifowit,7,FALSE,0.0341,FALSE
Comptroller,Northfield 30,30.0,1082,308,Stephanie A. Kifowit,15,FALSE,0.0487,FALSE
Comptroller,Northfield 31,31.0,1413,260,Stephanie A. Kifowit,19,FALSE,0.0731,FALSE
Comptroller,Northfield 32,32.0,1433,280,Stephanie A. Kifowit,20,FALSE,0.0714,FALSE
Comptroller,Northfield 33,33.0,1078,94,Stephanie A. Kifowit,5,FALSE,0.0532,FALSE
Comptroller,Northfield 34,34.0,776,193,Stephanie A. Kifowit,6,FALSE,0.0311,FALSE
Comptroller,Northfield 35,35.0,1188,221,Stephanie A. Kifowit,9,FALSE,0.0407,FALSE
Comptroller,Northfield 36,36.0,1106,194,Stephanie A. Kifowit,10,FALSE,0.0515,FALSE
Comptroller,Northfield 37,37.0,1254,369,Stephanie A. Kifowit,23,FALSE,0.0623,FALSE
Comptroller,Northfield 38,38.0,903,200,Stephanie A. Kifowit,6,FALSE,0.03,FALSE
Comptroller,Northfield 39,39.0,702,121,Stephanie A. Kifowit,6,FALSE,0.0496,FALSE
Comptroller,Northfield 40,40.0,816,127,Stephanie A. Kifowit,8,FALSE,0.063,FALSE
Comptroller,Northfield 41,41.0,909,252,Stephanie A. Kifowit,10,FALSE,0.0397,FALSE
Comptroller,Northfield 42,42.0,1151,208,Stephanie A. Kifowit,4,FALSE,0.0192,FALSE
Comptroller,Northfield 43,43.0,1183,238,Stephanie A. Kifowit,8,FALSE,0.0336,FALSE
Comptroller,Northfield 44,44.0,811,200,Stephanie A. Kifowit,13,FALSE,0.065,FALSE
Comptroller,Northfield 45,45.0,837,176,Stephanie A. Kifowit,4,FALSE,0.0227,FALSE
Comptroller,Northfield 46,46.0,1441,259,Stephanie A. Kifowit,8,FALSE,0.0309,FALSE
Comptroller,Northfield 47,47.0,1386,379,Stephanie A. Kifowit,15,FALSE,0.0396,FALSE
Comptroller,Northfield 48,48.0,1015,210,Stephanie A. Kifowit,8,FALSE,0.0381,FALSE
Comptroller,Northfield 49,49.0,1157,147,Stephanie A. Kifowit,7,FALSE,0.0476,FALSE
Comptroller,Northfield 50,50.0,1439,226,Stephanie A. Kifowit,7,FALSE,0.031,FALSE
Comptroller,Northfield 51,51.0,3043,630,Stephanie A. Kifowit,29,FALSE,0.046,FALSE
Comptroller,Northfield 52,52.0,904,277,Stephanie A. Kifowit,8,FALSE,0.0289,FALSE
Comptroller,Northfield 53,53.0,1073,263,Stephanie A. Kifowit,12,FALSE,0.0456,FALSE
Comptroller,Northfield 54,54.0,1740,384,Stephanie A. Kifowit,16,FALSE,0.0417,FALSE
Comptroller,Northfield 55,55.0,1015,274,Stephanie A. Kifowit,10,FALSE,0.0365,FALSE
Comptroller,Northfield 56,56.0,1466,311,Stephanie A. Kifowit,11,FALSE,0.0354,FALSE
Comptroller,Northfield 57,57.0,820,166,Stephanie A. Kifowit,9,FALSE,0.0542,FALSE
Comptroller,Northfield 58,58.0,604,100,Stephanie A. Kifowit,4,FALSE,0.04,FALSE
Comptroller,Northfield Township Results,,71612,14715,Stephanie A. Kifowit,646,FALSE,0.0439,FALSE
Comptroller,Northfield 1,1.0,1856,165,Holly Kim,69,TRUE,0.4182,FALSE
Comptroller,Northfield 2,2.0,979,225,Holly Kim,111,TRUE,0.4933,FALSE
Comptroller,Northfield 3,3.0,1754,322,Holly Kim,118,TRUE,0.3665,FALSE
Comptroller,Northfield 4,4.0,1156,219,Holly Kim,75,TRUE,0.3425,FALSE
Comptroller,Northfield 5,5.0,865,150,Holly Kim,46,TRUE,0.3067,FALSE
Comptroller,Northfield 6,6.0,1160,248,Holly Kim,64,TRUE,0.2581,FALSE
Comptroller,Northfield 7,7.0,1578,377,Holly Kim,100,TRUE,0.2653,FALSE
Comptroller,Northfield 8,8.0,1540,307,Holly Kim,135,TRUE,0.4397,FALSE
Comptroller,Northfield 9,9.0,790,213,Holly Kim,73,TRUE,0.3427,FALSE
Comptroller,Northfield 10,10.0,1036,201,Holly Kim,64,TRUE,0.3184,FALSE
Comptroller,Northfield 11,11.0,1494,283,Holly Kim,98,TRUE,0.3463,FALSE
Comptroller,Northfield 12,12.0,1705,439,Holly Kim,144,TRUE,0.328,FALSE
Comptroller,Northfield 13,13.0,989,194,Holly Kim,72,TRUE,0.3711,FALSE
Comptroller,Northfield 14,14.0,1063,209,Holly Kim,84,TRUE,0.4019,FALSE
Comptroller,Northfield 15,15.0,1884,433,Holly Kim,190,TRUE,0.4388,FALSE
Comptroller,Northfield 16,16.0,1222,238,Holly Kim,98,TRUE,0.4118,FALSE
Comptroller,Northfield 17,17.0,1839,267,Holly Kim,83,TRUE,0.3109,FALSE
Comptroller,Northfield 18,18.0,1382,312,Holly Kim,166,TRUE,0.5321,FALSE
Comptroller,Northfield 19,19.0,1361,297,Holly Kim,100,TRUE,0.3367,FALSE
Comptroller,Northfield 20,20.0,1070,256,Holly Kim,92,TRUE,0.3594,FALSE
Comptroller,Northfield 21,21.0,1581,380,Holly Kim,120,TRUE,0.3158,FALSE
Comptroller,Northfield 22,22.0,1160,251,Holly Kim,86,TRUE,0.3426,FALSE
Comptroller,Northfield 23,23.0,860,179,Holly Kim,54,TRUE,0.3017,FALSE
Comptroller,Northfield 24,24.0,1013,251,Holly Kim,65,TRUE,0.259,FALSE
Comptroller,Northfield 25,25.0,1034,210,Holly Kim,82,TRUE,0.3905,FALSE
Comptroller,Northfield 26,26.0,965,227,Holly Kim,85,TRUE,0.3744,FALSE
Comptroller,Northfield 27,27.0,1495,209,Holly Kim,88,TRUE,0.4211,FALSE
Comptroller,Northfield 28,28.0,2141,381,Holly Kim,127,TRUE,0.3333,FALSE
Comptroller,Northfield 29,29.0,895,205,Holly Kim,74,TRUE,0.361,FALSE
Comptroller,Northfield 30,30.0,1082,308,Holly Kim,88,TRUE,0.2857,FALSE
Comptroller,Northfield 31,31.0,1413,260,Holly Kim,78,TRUE,0.3,FALSE
Comptroller,Northfield 32,32.0,1433,280,Holly Kim,106,TRUE,0.3786,FALSE
Comptroller,Northfield 33,33.0,1078,94,Holly Kim,37,TRUE,0.3936,FALSE
Comptroller,Northfield 34,34.0,776,193,Holly Kim,62,TRUE,0.3212,FALSE
Comptroller,Northfield 35,35.0,1188,221,Holly Kim,78,TRUE,0.3529,FALSE
Comptroller,Northfield 36,36.0,1106,194,Holly Kim,84,TRUE,0.433,FALSE
Comptroller,Northfield 37,37.0,1254,369,Holly Kim,99,TRUE,0.2683,FALSE
Comptroller,Northfield 38,38.0,903,200,Holly Kim,52,TRUE,0.26,FALSE
Comptroller,Northfield 39,39.0,702,121,Holly Kim,41,TRUE,0.3388,FALSE
Comptroller,Northfield 40,40.0,816,127,Holly Kim,46,TRUE,0.3622,FALSE
Comptroller,Northfield 41,41.0,909,252,Holly Kim,86,TRUE,0.3413,FALSE
Comptroller,Northfield 42,42.0,1151,208,Holly Kim,73,TRUE,0.351,FALSE
Comptroller,Northfield 43,43.0,1183,238,Holly Kim,82,TRUE,0.3445,FALSE
Comptroller,Northfield 44,44.0,811,200,Holly Kim,71,TRUE,0.355,FALSE
Comptroller,Northfield 45,45.0,837,176,Holly Kim,59,TRUE,0.3352,FALSE
Comptroller,Northfield 46,46.0,1441,259,Holly Kim,131,TRUE,0.5058,FALSE
Comptroller,Northfield 47,47.0,1386,379,Holly Kim,145,TRUE,0.3826,FALSE
Comptroller,Northfield 48,48.0,1015,210,Holly Kim,75,TRUE,0.3571,FALSE
Comptroller,Northfield 49,49.0,1157,147,Holly Kim,39,TRUE,0.2653,FALSE
Comptroller,Northfield 50,50.0,1439,226,Holly Kim,101,TRUE,0.4469,FALSE
Comptroller,Northfield 51,51.0,3043,630,Holly Kim,197,TRUE,0.3127,FALSE
Comptroller,Northfield 52,52.0,904,277,Holly Kim,95,TRUE,0.343,FALSE
Comptroller,Northfield 53,53.0,1073,263,Holly Kim,90,TRUE,0.3422,FALSE
Comptroller,Northfield 54,54.0,1740,384,Holly Kim,158,TRUE,0.4115,FALSE
Comptroller,Northfield 55,55.0,1015,274,Holly Kim,119,TRUE,0.4343,FALSE
Comptroller,Northfield 56,56.0,1466,311,Holly Kim,104,TRUE,0.3344,FALSE
Comptroller,Northfield 57,57.0,820,166,Holly Kim,68,TRUE,0.4096,FALSE
Comptroller,Northfield 58,58.0,604,100,Holly Kim,30,TRUE,0.3,FALSE
Comptroller,Northfield Township Results,,71612,14715,Holly Kim,5257,TRUE,0.3573,FALSE
Comptroller,Northfield 1,1.0,1856,165,Margaret Croke,38,FALSE,0.2303,FALSE
Comptroller,Northfield 2,2.0,979,225,Margaret Croke,62,FALSE,0.2756,FALSE
Comptroller,Northfield 3,3.0,1754,322,Margaret Croke,118,FALSE,0.3665,FALSE
Comptroller,Northfield 4,4.0,1156,219,Margaret Croke,61,FALSE,0.2785,FALSE
Comptroller,Northfield 5,5.0,865,150,Margaret Croke,56,FALSE,0.3733,FALSE
Comptroller,Northfield 6,6.0,1160,248,Margaret Croke,104,FALSE,0.4194,FALSE
Comptroller,Northfield 7,7.0,1578,377,Margaret Croke,143,FALSE,0.3793,FALSE
Comptroller,Northfield 8,8.0,1540,307,Margaret Croke,79,FALSE,0.2573,FALSE
Comptroller,Northfield 9,9.0,790,213,Margaret Croke,69,FALSE,0.3239,FALSE
Comptroller,Northfield 10,10.0,1036,201,Margaret Croke,66,FALSE,0.3284,FALSE
Comptroller,Northfield 11,11.0,1494,283,Margaret Croke,107,FALSE,0.3781,FALSE
Comptroller,Northfield 12,12.0,1705,439,Margaret Croke,169,FALSE,0.385,FALSE
Comptroller,Northfield 13,13.0,989,194,Margaret Croke,58,FALSE,0.299,FALSE
Comptroller,Northfield 14,14.0,1063,209,Margaret Croke,76,FALSE,0.3636,FALSE
Comptroller,Northfield 15,15.0,1884,433,Margaret Croke,131,FALSE,0.3025,FALSE
Comptroller,Northfield 16,16.0,1222,238,Margaret Croke,86,FALSE,0.3613,FALSE
Comptroller,Northfield 17,17.0,1839,267,Margaret Croke,105,FALSE,0.3933,FALSE
Comptroller,Northfield 18,18.0,1382,312,Margaret Croke,87,FALSE,0.2788,FALSE
Comptroller,Northfield 19,19.0,1361,297,Margaret Croke,107,FALSE,0.3603,FALSE
Comptroller,Northfield 20,20.0,1070,256,Margaret Croke,91,FALSE,0.3555,FALSE
Comptroller,Northfield 21,21.0,1581,380,Margaret Croke,158,FALSE,0.4158,FALSE
Comptroller,Northfield 22,22.0,1160,251,Margaret Croke,97,FALSE,0.3865,FALSE
Comptroller,Northfield 23,23.0,860,179,Margaret Croke,78,FALSE,0.4358,FALSE
Comptroller,Northfield 24,24.0,1013,251,Margaret Croke,95,FALSE,0.3785,FALSE
Comptroller,Northfield 25,25.0,1034,210,Margaret Croke,62,FALSE,0.2952,FALSE
Comptroller,Northfield 26,26.0,965,227,Margaret Croke,78,FALSE,0.3436,FALSE
Comptroller,Northfield 27,27.0,1495,209,Margaret Croke,56,FALSE,0.2679,FALSE
Comptroller,Northfield 28,28.0,2141,381,Margaret Croke,137,FALSE,0.3596,FALSE
Comptroller,Northfield 29,29.0,895,205,Margaret Croke,76,FALSE,0.3707,FALSE
Comptroller,Northfield 30,30.0,1082,308,Margaret Croke,136,FALSE,0.4416,FALSE
Comptroller,Northfield 31,31.0,1413,260,Margaret Croke,90,FALSE,0.3462,FALSE
Comptroller,Northfield 32,32.0,1433,280,Margaret Croke,100,FALSE,0.3571,FALSE
Comptroller,Northfield 33,33.0,1078,94,Margaret Croke,27,FALSE,0.2872,FALSE
Comptroller,Northfield 34,34.0,776,193,Margaret Croke,98,FALSE,0.5078,FALSE
Comptroller,Northfield 35,35.0,1188,221,Margaret Croke,78,FALSE,0.3529,FALSE
Comptroller,Northfield 36,36.0,1106,194,Margaret Croke,65,FALSE,0.3351,FALSE
Comptroller,Northfield 37,37.0,1254,369,Margaret Croke,126,FALSE,0.3415,FALSE
Comptroller,Northfield 38,38.0,903,200,Margaret Croke,78,FALSE,0.39,FALSE
Comptroller,Northfield 39,39.0,702,121,Margaret Croke,35,FALSE,0.2893,FALSE
Comptroller,Northfield 40,40.0,816,127,Margaret Croke,47,FALSE,0.3701,FALSE
Comptroller,Northfield 41,41.0,909,252,Margaret Croke,87,FALSE,0.3452,FALSE
Comptroller,Northfield 42,42.0,1151,208,Margaret Croke,91,FALSE,0.4375,FALSE
Comptroller,Northfield 43,43.0,1183,238,Margaret Croke,91,FALSE,0.3824,FALSE
Comptroller,Northfield 44,44.0,811,200,Margaret Croke,78,FALSE,0.39,FALSE
Comptroller,Northfield 45,45.0,837,176,Margaret Croke,77,FALSE,0.4375,FALSE
Comptroller,Northfield 46,46.0,1441,259,Margaret Croke,80,FALSE,0.3089,FALSE
Comptroller,Northfield 47,47.0,1386,379,Margaret Croke,152,FALSE,0.4011,FALSE
Comptroller,Northfield 48,48.0,1015,210,Margaret Croke,77,FALSE,0.3667,FALSE
Comptroller,Northfield 49,49.0,1157,147,Margaret Croke,48,FALSE,0.3265,FALSE
Comptroller,Northfield 50,50.0,1439,226,Margaret Croke,73,FALSE,0.323,FALSE
Comptroller,Northfield 51,51.0,3043,630,Margaret Croke,260,FALSE,0.4127,FALSE
Comptroller,Northfield 52,52.0,904,277,Margaret Croke,112,FALSE,0.4043,FALSE
Comptroller,Northfield 53,53.0,1073,263,Margaret Croke,107,FALSE,0.4068,FALSE
Comptroller,Northfield 54,54.0,1740,384,Margaret Croke,146,FALSE,0.3802,FALSE
Comptroller,Northfield 55,55.0,1015,274,Margaret Croke,92,FALSE,0.3358,FALSE
Comptroller,Northfield 56,56.0,1466,311,Margaret Croke,119,FALSE,0.3826,FALSE
Comptroller,Northfield 57,57.0,820,166,Margaret Croke,54,FALSE,0.3253,FALSE
Comptroller,Northfield 58,58.0,604,100,Margaret Croke,42,FALSE,0.42,FALSE
Comptroller,Northfield Township Results,,71612,14715,Margaret Croke,5316,FALSE,0.3613,FALSE
MWRD,Northfield 1,1.0,1856,170,Eira Lizeth Corral Sepúlveda,105,TRUE,0.6176,TRUE
MWRD,Northfield 2,2.0,979,235,Eira Lizeth Corral Sepúlveda,171,TRUE,0.7277,TRUE
MWRD,Northfield 3,3.0,1754,330,Eira Lizeth Corral Sepúlveda,199,TRUE,0.603,TRUE
MWRD,Northfield 4,4.0,1156,226,Eira Lizeth Corral Sepúlveda,123,TRUE,0.5442,TRUE
MWRD,Northfield 5,5.0,865,154,Eira Lizeth Corral Sepúlveda,99,TRUE,0.6429,TRUE
MWRD,Northfield 6,6.0,1160,261,Eira Lizeth Corral Sepúlveda,161,TRUE,0.6169,TRUE
MWRD,Northfield 7,7.0,1578,389,Eira Lizeth Corral Sepúlveda,210,TRUE,0.5398,TRUE
MWRD,Northfield 8,8.0,1540,317,Eira Lizeth Corral Sepúlveda,191,TRUE,0.6025,TRUE
MWRD,Northfield 9,9.0,790,217,Eira Lizeth Corral Sepúlveda,128,TRUE,0.5899,TRUE
MWRD,Northfield 10,10.0,1036,201,Eira Lizeth Corral Sepúlveda,131,TRUE,0.6517,TRUE
MWRD,Northfield 11,11.0,1494,289,Eira Lizeth Corral Sepúlveda,189,TRUE,0.654,TRUE
MWRD,Northfield 12,12.0,1705,448,Eira Lizeth Corral Sepúlveda,263,TRUE,0.5871,TRUE
MWRD,Northfield 13,13.0,989,208,Eira Lizeth Corral Sepúlveda,122,TRUE,0.5865,TRUE
MWRD,Northfield 14,14.0,1063,216,Eira Lizeth Corral Sepúlveda,144,TRUE,0.6667,TRUE
MWRD,Northfield 15,15.0,1884,446,Eira Lizeth Corral Sepúlveda,311,TRUE,0.6973,TRUE
MWRD,Northfield 16,16.0,1222,252,Eira Lizeth Corral Sepúlveda,164,TRUE,0.6508,TRUE
MWRD,Northfield 17,17.0,1839,283,Eira Lizeth Corral Sepúlveda,191,TRUE,0.6749,TRUE
MWRD,Northfield 18,18.0,1382,319,Eira Lizeth Corral Sepúlveda,229,TRUE,0.7179,TRUE
MWRD,Northfield 19,19.0,1361,304,Eira Lizeth Corral Sepúlveda,181,TRUE,0.5954,TRUE
MWRD,Northfield 20,20.0,1070,263,Eira Lizeth Corral Sepúlveda,167,TRUE,0.635,TRUE
MWRD,Northfield 21,21.0,1581,388,Eira Lizeth Corral Sepúlveda,249,TRUE,0.6418,TRUE
MWRD,Northfield 22,22.0,1160,258,Eira Lizeth Corral Sepúlveda,156,TRUE,0.6047,TRUE
MWRD,Northfield 23,23.0,860,184,Eira Lizeth Corral Sepúlveda,108,TRUE,0.587,TRUE
MWRD,Northfield 24,24.0,1013,258,Eira Lizeth Corral Sepúlveda,139,TRUE,0.5388,TRUE
MWRD,Northfield 25,25.0,1034,212,Eira Lizeth Corral Sepúlveda,139,TRUE,0.6557,TRUE
MWRD,Northfield 26,26.0,965,231,Eira Lizeth Corral Sepúlveda,171,TRUE,0.7403,TRUE
MWRD,Northfield 27,27.0,1495,212,Eira Lizeth Corral Sepúlveda,121,TRUE,0.5708,TRUE
MWRD,Northfield 28,28.0,2141,399,Eira Lizeth Corral Sepúlveda,251,TRUE,0.6291,TRUE
MWRD,Northfield 29,29.0,895,210,Eira Lizeth Corral Sepúlveda,143,TRUE,0.681,TRUE
MWRD,Northfield 30,30.0,1082,315,Eira Lizeth Corral Sepúlveda,209,TRUE,0.6635,TRUE
MWRD,Northfield 31,31.0,1413,276,Eira Lizeth Corral Sepúlveda,163,TRUE,0.5906,TRUE
MWRD,Northfield 32,32.0,1433,291,Eira Lizeth Corral Sepúlveda,188,TRUE,0.646,TRUE
MWRD,Northfield 33,33.0,1078,97,Eira Lizeth Corral Sepúlveda,54,TRUE,0.5567,TRUE
MWRD,Northfield 34,34.0,776,204,Eira Lizeth Corral Sepúlveda,129,TRUE,0.6324,TRUE
MWRD,Northfield 35,35.0,1188,230,Eira Lizeth Corral Sepúlveda,144,TRUE,0.6261,TRUE
MWRD,Northfield 36,36.0,1106,199,Eira Lizeth Corral Sepúlveda,138,TRUE,0.6935,TRUE
MWRD,Northfield 37,37.0,1254,385,Eira Lizeth Corral Sepúlveda,209,TRUE,0.5429,TRUE
MWRD,Northfield 38,38.0,903,205,Eira Lizeth Corral Sepúlveda,127,TRUE,0.6195,TRUE
MWRD,Northfield 39,39.0,702,124,Eira Lizeth Corral Sepúlveda,65,TRUE,0.5242,TRUE
MWRD,Northfield 40,40.0,816,133,Eira Lizeth Corral Sepúlveda,92,TRUE,0.6917,TRUE
MWRD,Northfield 41,41.0,909,261,Eira Lizeth Corral Sepúlveda,155,TRUE,0.5939,TRUE
MWRD,Northfield 42,42.0,1151,216,Eira Lizeth Corral Sepúlveda,150,TRUE,0.6944,TRUE
MWRD,Northfield 43,43.0,1183,244,Eira Lizeth Corral Sepúlveda,158,TRUE,0.6475,TRUE
MWRD,Northfield 44,44.0,811,205,Eira Lizeth Corral Sepúlveda,139,TRUE,0.678,TRUE
MWRD,Northfield 45,45.0,837,182,Eira Lizeth Corral Sepúlveda,102,TRUE,0.5604,TRUE
MWRD,Northfield 46,46.0,1441,263,Eira Lizeth Corral Sepúlveda,187,TRUE,0.711,TRUE
MWRD,Northfield 47,47.0,1386,390,Eira Lizeth Corral Sepúlveda,254,TRUE,0.6513,TRUE
MWRD,Northfield 48,48.0,1015,215,Eira Lizeth Corral Sepúlveda,125,TRUE,0.5814,TRUE
MWRD,Northfield 49,49.0,1157,157,Eira Lizeth Corral Sepúlveda,92,TRUE,0.586,TRUE
MWRD,Northfield 50,50.0,1439,230,Eira Lizeth Corral Sepúlveda,139,TRUE,0.6043,TRUE
MWRD,Northfield 51,51.0,3043,648,Eira Lizeth Corral Sepúlveda,386,TRUE,0.5957,TRUE
MWRD,Northfield 52,52.0,904,285,Eira Lizeth Corral Sepúlveda,194,TRUE,0.6807,TRUE
MWRD,Northfield 53,53.0,1073,275,Eira Lizeth Corral Sepúlveda,169,TRUE,0.6145,TRUE
MWRD,Northfield 54,54.0,1740,400,Eira Lizeth Corral Sepúlveda,244,TRUE,0.61,TRUE
MWRD,Northfield 55,55.0,1015,287,Eira Lizeth Corral Sepúlveda,176,TRUE,0.6132,TRUE
MWRD,Northfield 56,56.0,1466,319,Eira Lizeth Corral Sepúlveda,203,TRUE,0.6364,TRUE
MWRD,Northfield 57,57.0,820,176,Eira Lizeth Corral Sepúlveda,113,TRUE,0.642,TRUE
MWRD,Northfield 58,58.0,604,102,Eira Lizeth Corral Sepúlveda,60,TRUE,0.5882,TRUE
MWRD,Northfield Township Results,,71612,15194,Eira Lizeth Corral Sepúlveda,9520,TRUE,0.6266,TRUE
MWRD,Northfield 1,1.0,1856,170,Precious Brady-Davis,84,TRUE,0.4941,TRUE
MWRD,Northfield 2,2.0,979,235,Precious Brady-Davis,165,TRUE,0.7021,TRUE
MWRD,Northfield 3,3.0,1754,330,Precious Brady-Davis,192,TRUE,0.5818,TRUE
MWRD,Northfield 4,4.0,1156,226,Precious Brady-Davis,115,TRUE,0.5088,TRUE
MWRD,Northfield 5,5.0,865,154,Precious Brady-Davis,88,TRUE,0.5714,TRUE
MWRD,Northfield 6,6.0,1160,261,Precious Brady-Davis,164,TRUE,0.6284,TRUE
MWRD,Northfield 7,7.0,1578,389,Precious Brady-Davis,200,TRUE,0.5141,TRUE
MWRD,Northfield 8,8.0,1540,317,Precious Brady-Davis,176,TRUE,0.5552,TRUE
MWRD,Northfield 9,9.0,790,217,Precious Brady-Davis,114,TRUE,0.5253,TRUE
MWRD,Northfield 10,10.0,1036,201,Precious Brady-Davis,127,TRUE,0.6318,TRUE
MWRD,Northfield 11,11.0,1494,289,Precious Brady-Davis,175,TRUE,0.6055,TRUE
MWRD,Northfield 12,12.0,1705,448,Precious Brady-Davis,245,TRUE,0.5469,TRUE
MWRD,Northfield 13,13.0,989,208,Precious Brady-Davis,120,TRUE,0.5769,TRUE
MWRD,Northfield 14,14.0,1063,216,Precious Brady-Davis,128,TRUE,0.5926,TRUE
MWRD,Northfield 15,15.0,1884,446,Precious Brady-Davis,276,TRUE,0.6188,TRUE
MWRD,Northfield 16,16.0,1222,252,Precious Brady-Davis,162,TRUE,0.6429,TRUE
MWRD,Northfield 17,17.0,1839,283,Precious Brady-Davis,180,TRUE,0.636,TRUE
MWRD,Northfield 18,18.0,1382,319,Precious Brady-Davis,214,TRUE,0.6708,TRUE
MWRD,Northfield 19,19.0,1361,304,Precious Brady-Davis,164,TRUE,0.5395,TRUE
MWRD,Northfield 20,20.0,1070,263,Precious Brady-Davis,150,TRUE,0.5703,TRUE
MWRD,Northfield 21,21.0,1581,388,Precious Brady-Davis,214,TRUE,0.5515,TRUE
MWRD,Northfield 22,22.0,1160,258,Precious Brady-Davis,153,TRUE,0.593,TRUE
MWRD,Northfield 23,23.0,860,184,Precious Brady-Davis,93,TRUE,0.5054,TRUE
MWRD,Northfield 24,24.0,1013,258,Precious Brady-Davis,141,TRUE,0.5465,TRUE
MWRD,Northfield 25,25.0,1034,212,Precious Brady-Davis,128,TRUE,0.6038,TRUE
MWRD,Northfield 26,26.0,965,231,Precious Brady-Davis,163,TRUE,0.7056,TRUE
MWRD,Northfield 27,27.0,1495,212,Precious Brady-Davis,121,TRUE,0.5708,TRUE
MWRD,Northfield 28,28.0,2141,399,Precious Brady-Davis,234,TRUE,0.5865,TRUE
MWRD,Northfield 29,29.0,895,210,Precious Brady-Davis,132,TRUE,0.6286,TRUE
MWRD,Northfield 30,30.0,1082,315,Precious Brady-Davis,191,TRUE,0.6063,TRUE
MWRD,Northfield 31,31.0,1413,276,Precious Brady-Davis,155,TRUE,0.5616,TRUE
MWRD,Northfield 32,32.0,1433,291,Precious Brady-Davis,177,TRUE,0.6082,TRUE
MWRD,Northfield 33,33.0,1078,97,Precious Brady-Davis,51,TRUE,0.5258,TRUE
MWRD,Northfield 34,34.0,776,204,Precious Brady-Davis,121,TRUE,0.5931,TRUE
MWRD,Northfield 35,35.0,1188,230,Precious Brady-Davis,133,TRUE,0.5783,TRUE
MWRD,Northfield 36,36.0,1106,199,Precious Brady-Davis,132,TRUE,0.6633,TRUE
MWRD,Northfield 37,37.0,1254,385,Precious Brady-Davis,194,TRUE,0.5039,TRUE
MWRD,Northfield 38,38.0,903,205,Precious Brady-Davis,119,TRUE,0.5805,TRUE
MWRD,Northfield 39,39.0,702,124,Precious Brady-Davis,62,TRUE,0.5,TRUE
MWRD,Northfield 40,40.0,816,133,Precious Brady-Davis,87,TRUE,0.6541,TRUE
MWRD,Northfield 41,41.0,909,261,Precious Brady-Davis,138,TRUE,0.5287,TRUE
MWRD,Northfield 42,42.0,1151,216,Precious Brady-Davis,140,TRUE,0.6481,TRUE
MWRD,Northfield 43,43.0,1183,244,Precious Brady-Davis,148,TRUE,0.6066,TRUE
MWRD,Northfield 44,44.0,811,205,Precious Brady-Davis,121,TRUE,0.5902,TRUE
MWRD,Northfield 45,45.0,837,182,Precious Brady-Davis,97,TRUE,0.533,TRUE
MWRD,Northfield 46,46.0,1441,263,Precious Brady-Davis,174,TRUE,0.6616,TRUE
MWRD,Northfield 47,47.0,1386,390,Precious Brady-Davis,217,TRUE,0.5564,TRUE
MWRD,Northfield 48,48.0,1015,215,Precious Brady-Davis,118,TRUE,0.5488,TRUE
MWRD,Northfield 49,49.0,1157,157,Precious Brady-Davis,90,TRUE,0.5732,TRUE
MWRD,Northfield 50,50.0,1439,230,Precious Brady-Davis,142,TRUE,0.6174,TRUE
MWRD,Northfield 51,51.0,3043,648,Precious Brady-Davis,361,TRUE,0.5571,TRUE
MWRD,Northfield 52,52.0,904,285,Precious Brady-Davis,178,TRUE,0.6246,TRUE
MWRD,Northfield 53,53.0,1073,275,Precious Brady-Davis,166,TRUE,0.6036,TRUE
MWRD,Northfield 54,54.0,1740,400,Precious Brady-Davis,216,TRUE,0.54,TRUE
MWRD,Northfield 55,55.0,1015,287,Precious Brady-Davis,181,TRUE,0.6307,TRUE
MWRD,Northfield 56,56.0,1466,319,Precious Brady-Davis,198,TRUE,0.6207,TRUE
MWRD,Northfield 57,57.0,820,176,Precious Brady-Davis,109,TRUE,0.6193,TRUE
MWRD,Northfield 58,58.0,604,102,Precious Brady-Davis,55,TRUE,0.5392,TRUE
MWRD,Northfield Township Results,,71612,15194,Precious Brady-Davis,8889,TRUE,0.585,TRUE
MWRD,Northfield 1,1.0,1856,170,Beth McElroy Kirkwood,90,TRUE,0.5294,TRUE
MWRD,Northfield 2,2.0,979,235,Beth McElroy Kirkwood,169,TRUE,0.7191,TRUE
MWRD,Northfield 3,3.0,1754,330,Beth McElroy Kirkwood,216,TRUE,0.6545,TRUE
MWRD,Northfield 4,4.0,1156,226,Beth McElroy Kirkwood,123,TRUE,0.5442,TRUE
MWRD,Northfield 5,5.0,865,154,Beth McElroy Kirkwood,94,TRUE,0.6104,TRUE
MWRD,Northfield 6,6.0,1160,261,Beth McElroy Kirkwood,163,TRUE,0.6245,TRUE
MWRD,Northfield 7,7.0,1578,389,Beth McElroy Kirkwood,219,TRUE,0.563,TRUE
MWRD,Northfield 8,8.0,1540,317,Beth McElroy Kirkwood,208,TRUE,0.6562,TRUE
MWRD,Northfield 9,9.0,790,217,Beth McElroy Kirkwood,132,TRUE,0.6083,TRUE
MWRD,Northfield 10,10.0,1036,201,Beth McElroy Kirkwood,139,TRUE,0.6915,TRUE
MWRD,Northfield 11,11.0,1494,289,Beth McElroy Kirkwood,190,TRUE,0.6574,TRUE
MWRD,Northfield 12,12.0,1705,448,Beth McElroy Kirkwood,291,TRUE,0.6496,TRUE
MWRD,Northfield 13,13.0,989,208,Beth McElroy Kirkwood,122,TRUE,0.5865,TRUE
MWRD,Northfield 14,14.0,1063,216,Beth McElroy Kirkwood,158,TRUE,0.7315,TRUE
MWRD,Northfield 15,15.0,1884,446,Beth McElroy Kirkwood,306,TRUE,0.6861,TRUE
MWRD,Northfield 16,16.0,1222,252,Beth McElroy Kirkwood,187,TRUE,0.7421,TRUE
MWRD,Northfield 17,17.0,1839,283,Beth McElroy Kirkwood,187,TRUE,0.6608,TRUE
MWRD,Northfield 18,18.0,1382,319,Beth McElroy Kirkwood,238,TRUE,0.7461,TRUE
MWRD,Northfield 19,19.0,1361,304,Beth McElroy Kirkwood,200,TRUE,0.6579,TRUE
MWRD,Northfield 20,20.0,1070,263,Beth McElroy Kirkwood,173,TRUE,0.6578,TRUE
MWRD,Northfield 21,21.0,1581,388,Beth McElroy Kirkwood,255,TRUE,0.6572,TRUE
MWRD,Northfield 22,22.0,1160,258,Beth McElroy Kirkwood,175,TRUE,0.6783,TRUE
MWRD,Northfield 23,23.0,860,184,Beth McElroy Kirkwood,123,TRUE,0.6685,TRUE
MWRD,Northfield 24,24.0,1013,258,Beth McElroy Kirkwood,149,TRUE,0.5775,TRUE
MWRD,Northfield 25,25.0,1034,212,Beth McElroy Kirkwood,139,TRUE,0.6557,TRUE
MWRD,Northfield 26,26.0,965,231,Beth McElroy Kirkwood,173,TRUE,0.7489,TRUE
MWRD,Northfield 27,27.0,1495,212,Beth McElroy Kirkwood,125,TRUE,0.5896,TRUE
MWRD,Northfield 28,28.0,2141,399,Beth McElroy Kirkwood,285,TRUE,0.7143,TRUE
MWRD,Northfield 29,29.0,895,210,Beth McElroy Kirkwood,148,TRUE,0.7048,TRUE
MWRD,Northfield 30,30.0,1082,315,Beth McElroy Kirkwood,204,TRUE,0.6476,TRUE
MWRD,Northfield 31,31.0,1413,276,Beth McElroy Kirkwood,167,TRUE,0.6051,TRUE
MWRD,Northfield 32,32.0,1433,291,Beth McElroy Kirkwood,191,TRUE,0.6564,TRUE
MWRD,Northfield 33,33.0,1078,97,Beth McElroy Kirkwood,52,TRUE,0.5361,TRUE
MWRD,Northfield 34,34.0,776,204,Beth McElroy Kirkwood,151,TRUE,0.7402,TRUE
MWRD,Northfield 35,35.0,1188,230,Beth McElroy Kirkwood,148,TRUE,0.6435,TRUE
MWRD,Northfield 36,36.0,1106,199,Beth McElroy Kirkwood,139,TRUE,0.6985,TRUE
MWRD,Northfield 37,37.0,1254,385,Beth McElroy Kirkwood,214,TRUE,0.5558,TRUE
MWRD,Northfield 38,38.0,903,205,Beth McElroy Kirkwood,128,TRUE,0.6244,TRUE
MWRD,Northfield 39,39.0,702,124,Beth McElroy Kirkwood,72,TRUE,0.5806,TRUE
MWRD,Northfield 40,40.0,816,133,Beth McElroy Kirkwood,92,TRUE,0.6917,TRUE
MWRD,Northfield 41,41.0,909,261,Beth McElroy Kirkwood,170,TRUE,0.6513,TRUE
MWRD,Northfield 42,42.0,1151,216,Beth McElroy Kirkwood,152,TRUE,0.7037,TRUE
MWRD,Northfield 43,43.0,1183,244,Beth McElroy Kirkwood,162,TRUE,0.6639,TRUE
MWRD,Northfield 44,44.0,811,205,Beth McElroy Kirkwood,148,TRUE,0.722,TRUE
MWRD,Northfield 45,45.0,837,182,Beth McElroy Kirkwood,115,TRUE,0.6319,TRUE
MWRD,Northfield 46,46.0,1441,263,Beth McElroy Kirkwood,197,TRUE,0.749,TRUE
MWRD,Northfield 47,47.0,1386,390,Beth McElroy Kirkwood,277,TRUE,0.7103,TRUE
MWRD,Northfield 48,48.0,1015,215,Beth McElroy Kirkwood,135,TRUE,0.6279,TRUE
MWRD,Northfield 49,49.0,1157,157,Beth McElroy Kirkwood,93,TRUE,0.5924,TRUE
MWRD,Northfield 50,50.0,1439,230,Beth McElroy Kirkwood,157,TRUE,0.6826,TRUE
MWRD,Northfield 51,51.0,3043,648,Beth McElroy Kirkwood,419,TRUE,0.6466,TRUE
MWRD,Northfield 52,52.0,904,285,Beth McElroy Kirkwood,199,TRUE,0.6982,TRUE
MWRD,Northfield 53,53.0,1073,275,Beth McElroy Kirkwood,190,TRUE,0.6909,TRUE
MWRD,Northfield 54,54.0,1740,400,Beth McElroy Kirkwood,264,TRUE,0.66,TRUE
MWRD,Northfield 55,55.0,1015,287,Beth McElroy Kirkwood,198,TRUE,0.6899,TRUE
MWRD,Northfield 56,56.0,1466,319,Beth McElroy Kirkwood,203,TRUE,0.6364,TRUE
MWRD,Northfield 57,57.0,820,176,Beth McElroy Kirkwood,98,TRUE,0.5568,TRUE
MWRD,Northfield 58,58.0,604,102,Beth McElroy Kirkwood,58,TRUE,0.5686,TRUE
MWRD,Northfield Township Results,,71612,15194,Beth McElroy Kirkwood,9970,TRUE,0.6562,TRUE
MWRD,Northfield 1,1.0,1856,170,Sarah Bury,76,FALSE,0.4471,TRUE
MWRD,Northfield 2,2.0,979,235,Sarah Bury,63,FALSE,0.2681,TRUE
MWRD,Northfield 3,3.0,1754,330,Sarah Bury,101,FALSE,0.3061,TRUE
MWRD,Northfield 4,4.0,1156,226,Sarah Bury,89,FALSE,0.3938,TRUE
MWRD,Northfield 5,5.0,865,154,Sarah Bury,60,FALSE,0.3896,TRUE
MWRD,Northfield 6,6.0,1160,261,Sarah Bury,78,FALSE,0.2989,TRUE
MWRD,Northfield 7,7.0,1578,389,Sarah Bury,99,FALSE,0.2545,TRUE
MWRD,Northfield 8,8.0,1540,317,Sarah Bury,83,FALSE,0.2618,TRUE
MWRD,Northfield 9,9.0,790,217,Sarah Bury,62,FALSE,0.2857,TRUE
MWRD,Northfield 10,10.0,1036,201,Sarah Bury,82,FALSE,0.408,TRUE
MWRD,Northfield 11,11.0,1494,289,Sarah Bury,82,FALSE,0.2837,TRUE
MWRD,Northfield 12,12.0,1705,448,Sarah Bury,148,FALSE,0.3304,TRUE
MWRD,Northfield 13,13.0,989,208,Sarah Bury,68,FALSE,0.3269,TRUE
MWRD,Northfield 14,14.0,1063,216,Sarah Bury,82,FALSE,0.3796,TRUE
MWRD,Northfield 15,15.0,1884,446,Sarah Bury,141,FALSE,0.3161,TRUE
MWRD,Northfield 16,16.0,1222,252,Sarah Bury,68,FALSE,0.2698,TRUE
MWRD,Northfield 17,17.0,1839,283,Sarah Bury,93,FALSE,0.3286,TRUE
MWRD,Northfield 18,18.0,1382,319,Sarah Bury,88,FALSE,0.2759,TRUE
MWRD,Northfield 19,19.0,1361,304,Sarah Bury,121,FALSE,0.398,TRUE
MWRD,Northfield 20,20.0,1070,263,Sarah Bury,79,FALSE,0.3004,TRUE
MWRD,Northfield 21,21.0,1581,388,Sarah Bury,140,FALSE,0.3608,TRUE
MWRD,Northfield 22,22.0,1160,258,Sarah Bury,63,FALSE,0.2442,TRUE
MWRD,Northfield 23,23.0,860,184,Sarah Bury,69,FALSE,0.375,TRUE
MWRD,Northfield 24,24.0,1013,258,Sarah Bury,94,FALSE,0.3643,TRUE
MWRD,Northfield 25,25.0,1034,212,Sarah Bury,70,FALSE,0.3302,TRUE
MWRD,Northfield 26,26.0,965,231,Sarah Bury,73,FALSE,0.316,TRUE
MWRD,Northfield 27,27.0,1495,212,Sarah Bury,81,FALSE,0.3821,TRUE
MWRD,Northfield 28,28.0,2141,399,Sarah Bury,142,FALSE,0.3559,TRUE
MWRD,Northfield 29,29.0,895,210,Sarah Bury,64,FALSE,0.3048,TRUE
MWRD,Northfield 30,30.0,1082,315,Sarah Bury,97,FALSE,0.3079,TRUE
MWRD,Northfield 31,31.0,1413,276,Sarah Bury,91,FALSE,0.3297,TRUE
MWRD,Northfield 32,32.0,1433,291,Sarah Bury,92,FALSE,0.3162,TRUE
MWRD,Northfield 33,33.0,1078,97,Sarah Bury,42,FALSE,0.433,TRUE
MWRD,Northfield 34,34.0,776,204,Sarah Bury,80,FALSE,0.3922,TRUE
MWRD,Northfield 35,35.0,1188,230,Sarah Bury,79,FALSE,0.3435,TRUE
MWRD,Northfield 36,36.0,1106,199,Sarah Bury,41,FALSE,0.206,TRUE
MWRD,Northfield 37,37.0,1254,385,Sarah Bury,122,FALSE,0.3169,TRUE
MWRD,Northfield 38,38.0,903,205,Sarah Bury,72,FALSE,0.3512,TRUE
MWRD,Northfield 39,39.0,702,124,Sarah Bury,52,FALSE,0.4194,TRUE
MWRD,Northfield 40,40.0,816,133,Sarah Bury,44,FALSE,0.3308,TRUE
MWRD,Northfield 41,41.0,909,261,Sarah Bury,87,FALSE,0.3333,TRUE
MWRD,Northfield 42,42.0,1151,216,Sarah Bury,58,FALSE,0.2685,TRUE
MWRD,Northfield 43,43.0,1183,244,Sarah Bury,65,FALSE,0.2664,TRUE
MWRD,Northfield 44,44.0,811,205,Sarah Bury,89,FALSE,0.4341,TRUE
MWRD,Northfield 45,45.0,837,182,Sarah Bury,61,FALSE,0.3352,TRUE
MWRD,Northfield 46,46.0,1441,263,Sarah Bury,74,FALSE,0.2814,TRUE
MWRD,Northfield 47,47.0,1386,390,Sarah Bury,111,FALSE,0.2846,TRUE
MWRD,Northfield 48,48.0,1015,215,Sarah Bury,76,FALSE,0.3535,TRUE
MWRD,Northfield 49,49.0,1157,157,Sarah Bury,52,FALSE,0.3312,TRUE
MWRD,Northfield 50,50.0,1439,230,Sarah Bury,75,FALSE,0.3261,TRUE
MWRD,Northfield 51,51.0,3043,648,Sarah Bury,218,FALSE,0.3364,TRUE
MWRD,Northfield 52,52.0,904,285,Sarah Bury,92,FALSE,0.3228,TRUE
MWRD,Northfield 53,53.0,1073,275,Sarah Bury,94,FALSE,0.3418,TRUE
MWRD,Northfield 54,54.0,1740,400,Sarah Bury,114,FALSE,0.285,TRUE
MWRD,Northfield 55,55.0,1015,287,Sarah Bury,83,FALSE,0.2892,TRUE
MWRD,Northfield 56,56.0,1466,319,Sarah Bury,110,FALSE,0.3448,TRUE
MWRD,Northfield 57,57.0,820,176,Sarah Bury,56,FALSE,0.3182,TRUE
MWRD,Northfield 58,58.0,604,102,Sarah Bury,29,FALSE,0.2843,TRUE
MWRD,Northfield Township Results,,71612,15194,Sarah Bury,4915,FALSE,0.3235,TRUE
Cook County Board of Review,Northfield 1,1.0,1856,170,Samantha Steele,58,,0.3412,FALSE
Cook County Board of Review,Northfield 2,2.0,979,235,Samantha Steele,74,,0.3149,FALSE
Cook County Board of Review,Northfield 3,3.0,1754,330,Samantha Steele,107,,0.3242,FALSE
Cook County Board of Review,Northfield 4,4.0,1156,226,Samantha Steele,62,,0.2743,FALSE
Cook County Board of Review,Northfield 5,5.0,865,154,Samantha Steele,56,,0.3636,FALSE
Cook County Board of Review,Northfield 6,6.0,1160,261,Samantha Steele,74,,0.2835,FALSE
Cook County Board of Review,Northfield 7,7.0,1578,389,Samantha Steele,123,,0.3162,FALSE
Cook County Board of Review,Northfield 8,8.0,1540,317,Samantha Steele,89,,0.2808,FALSE
Cook County Board of Review,Northfield 9,9.0,790,217,Samantha Steele,55,,0.2535,FALSE
Cook County Board of Review,Northfield 10,10.0,1036,201,Samantha Steele,67,,0.3333,FALSE
Cook County Board of Review,Northfield 11,11.0,1494,289,Samantha Steele,94,,0.3253,FALSE
Cook County Board of Review,Northfield 12,12.0,1705,448,Samantha Steele,133,,0.2969,FALSE
Cook County Board of Review,Northfield 13,13.0,989,208,Samantha Steele,75,,0.3606,FALSE
Cook County Board of Review,Northfield 14,14.0,1063,216,Samantha Steele,66,,0.3056,FALSE
Cook County Board of Review,Northfield 15,15.0,1884,446,Samantha Steele,121,,0.2713,FALSE
Cook County Board of Review,Northfield 16,16.0,1222,252,Samantha Steele,77,,0.3056,FALSE
Cook County Board of Review,Northfield 17,17.0,1839,283,Samantha Steele,118,,0.417,FALSE
Cook County Board of Review,Northfield 18,18.0,1382,319,Samantha Steele,105,,0.3292,FALSE
Cook County Board of Review,Northfield 19,19.0,1361,304,Samantha Steele,99,,0.3257,FALSE
Cook County Board of Review,Northfield 20,20.0,1070,263,Samantha Steele,92,,0.3498,FALSE
Cook County Board of Review,Northfield 21,21.0,1581,388,Samantha Steele,129,,0.3325,FALSE
Cook County Board of Review,Northfield 22,22.0,1160,258,Samantha Steele,73,,0.2829,FALSE
Cook County Board of Review,Northfield 23,23.0,860,184,Samantha Steele,55,,0.2989,FALSE
Cook County Board of Review,Northfield 24,24.0,1013,258,Samantha Steele,78,,0.3023,FALSE
Cook County Board of Review,Northfield 25,25.0,1034,212,Samantha Steele,87,,0.4104,FALSE
Cook County Board of Review,Northfield 26,26.0,965,231,Samantha Steele,71,,0.3074,FALSE
Cook County Board of Review,Northfield 27,27.0,1495,212,Samantha Steele,93,,0.4387,FALSE
Cook County Board of Review,Northfield 28,28.0,2141,399,Samantha Steele,119,,0.2982,FALSE
Cook County Board of Review,Northfield 29,29.0,895,210,Samantha Steele,50,,0.2381,FALSE
Cook County Board of Review,Northfield 30,30.0,1082,315,Samantha Steele,86,,0.273,FALSE
Cook County Board of Review,Northfield 31,31.0,1413,276,Samantha Steele,85,,0.308,FALSE
Cook County Board of Review,Northfield 32,32.0,1433,291,Samantha Steele,107,,0.3677,FALSE
Cook County Board of Review,Northfield 33,33.0,1078,97,Samantha Steele,33,,0.3402,FALSE
Cook County Board of Review,Northfield 34,34.0,776,204,Samantha Steele,55,,0.2696,FALSE
Cook County Board of Review,Northfield 35,35.0,1188,230,Samantha Steele,69,,0.3,FALSE
Cook County Board of Review,Northfield 36,36.0,1106,199,Samantha Steele,63,,0.3166,FALSE
Cook County Board of Review,Northfield 37,37.0,1254,385,Samantha Steele,98,,0.2545,FALSE
Cook County Board of Review,Northfield 38,38.0,903,205,Samantha Steele,62,,0.3024,FALSE
Cook County Board of Review,Northfield 39,39.0,702,124,Samantha Steele,46,,0.371,FALSE
Cook County Board of Review,Northfield 40,40.0,816,133,Samantha Steele,49,,0.3684,FALSE
Cook County Board of Review,Northfield 41,41.0,909,261,Samantha Steele,84,,0.3218,FALSE
Cook County Board of Review,Northfield 42,42.0,1151,216,Samantha Steele,83,,0.3843,FALSE
Cook County Board of Review,Northfield 43,43.0,1183,244,Samantha Steele,98,,0.4016,FALSE
Cook County Board of Review,Northfield 44,44.0,811,205,Samantha Steele,49,,0.239,FALSE
Cook County Board of Review,Northfield 45,45.0,837,182,Samantha Steele,59,,0.3242,FALSE
Cook County Board of Review,Northfield 46,46.0,1441,263,Samantha Steele,72,,0.2738,FALSE
Cook County Board of Review,Northfield 47,47.0,1386,390,Samantha Steele,134,,0.3436,FALSE
Cook County Board of Review,Northfield 48,48.0,1015,215,Samantha Steele,67,,0.3116,FALSE
Cook County Board of Review,Northfield 49,49.0,1157,157,Samantha Steele,59,,0.3758,FALSE
Cook County Board of Review,Northfield 50,50.0,1439,230,Samantha Steele,77,,0.3348,FALSE
Cook County Board of Review,Northfield 51,51.0,3043,648,Samantha Steele,191,,0.2948,FALSE
Cook County Board of Review,Northfield 52,52.0,904,285,Samantha Steele,96,,0.3368,FALSE
Cook County Board of Review,Northfield 53,53.0,1073,275,Samantha Steele,83,,0.3018,FALSE
Cook County Board of Review,Northfield 54,54.0,1740,400,Samantha Steele,149,,0.3725,FALSE
Cook County Board of Review,Northfield 55,55.0,1015,287,Samantha Steele,101,,0.3519,FALSE
Cook County Board of Review,Northfield 56,56.0,1466,319,Samantha Steele,106,,0.3323,FALSE
Cook County Board of Review,Northfield 57,57.0,820,176,Samantha Steele,53,,0.3011,FALSE
Cook County Board of Review,Northfield 58,58.0,604,102,Samantha Steele,37,,0.3627,FALSE
Cook County Board of Review,Northfield Township Results,,71612,15194,Samantha Steele,4851,,0.3193,FALSE
Cook County Board of Review,Northfield 1,1.0,1856,170,"Elizabeth ""Liz"" Nicholson",76,,0.4471,FALSE
Cook County Board of Review,Northfield 2,2.0,979,235,"Elizabeth ""Liz"" Nicholson",98,,0.417,FALSE
Cook County Board of Review,Northfield 3,3.0,1754,330,"Elizabeth ""Liz"" Nicholson",133,,0.403,FALSE
Cook County Board of Review,Northfield 4,4.0,1156,226,"Elizabeth ""Liz"" Nicholson",110,,0.4867,FALSE
Cook County Board of Review,Northfield 5,5.0,865,154,"Elizabeth ""Liz"" Nicholson",72,,0.4675,FALSE
Cook County Board of Review,Northfield 6,6.0,1160,261,"Elizabeth ""Liz"" Nicholson",116,,0.4444,FALSE
Cook County Board of Review,Northfield 7,7.0,1578,389,"Elizabeth ""Liz"" Nicholson",152,,0.3907,FALSE
Cook County Board of Review,Northfield 8,8.0,1540,317,"Elizabeth ""Liz"" Nicholson",125,,0.3943,FALSE
Cook County Board of Review,Northfield 9,9.0,790,217,"Elizabeth ""Liz"" Nicholson",91,,0.4194,FALSE
Cook County Board of Review,Northfield 10,10.0,1036,201,"Elizabeth ""Liz"" Nicholson",100,,0.4975,FALSE
Cook County Board of Review,Northfield 11,11.0,1494,289,"Elizabeth ""Liz"" Nicholson",118,,0.4083,FALSE
Cook County Board of Review,Northfield 12,12.0,1705,448,"Elizabeth ""Liz"" Nicholson",192,,0.4286,FALSE
Cook County Board of Review,Northfield 13,13.0,989,208,"Elizabeth ""Liz"" Nicholson",80,,0.3846,FALSE
Cook County Board of Review,Northfield 14,14.0,1063,216,"Elizabeth ""Liz"" Nicholson",106,,0.4907,FALSE
Cook County Board of Review,Northfield 15,15.0,1884,446,"Elizabeth ""Liz"" Nicholson",220,,0.4933,FALSE
Cook County Board of Review,Northfield 16,16.0,1222,252,"Elizabeth ""Liz"" Nicholson",123,,0.4881,FALSE
Cook County Board of Review,Northfield 17,17.0,1839,283,"Elizabeth ""Liz"" Nicholson",113,,0.3993,FALSE
Cook County Board of Review,Northfield 18,18.0,1382,319,"Elizabeth ""Liz"" Nicholson",125,,0.3918,FALSE
Cook County Board of Review,Northfield 19,19.0,1361,304,"Elizabeth ""Liz"" Nicholson",134,,0.4408,FALSE
Cook County Board of Review,Northfield 20,20.0,1070,263,"Elizabeth ""Liz"" Nicholson",104,,0.3954,FALSE
Cook County Board of Review,Northfield 21,21.0,1581,388,"Elizabeth ""Liz"" Nicholson",178,,0.4588,FALSE
Cook County Board of Review,Northfield 22,22.0,1160,258,"Elizabeth ""Liz"" Nicholson",117,,0.4535,FALSE
Cook County Board of Review,Northfield 23,23.0,860,184,"Elizabeth ""Liz"" Nicholson",84,,0.4565,FALSE
Cook County Board of Review,Northfield 24,24.0,1013,258,"Elizabeth ""Liz"" Nicholson",113,,0.438,FALSE
Cook County Board of Review,Northfield 25,25.0,1034,212,"Elizabeth ""Liz"" Nicholson",81,,0.3821,FALSE
Cook County Board of Review,Northfield 26,26.0,965,231,"Elizabeth ""Liz"" Nicholson",112,,0.4848,FALSE
Cook County Board of Review,Northfield 27,27.0,1495,212,"Elizabeth ""Liz"" Nicholson",79,,0.3726,FALSE
Cook County Board of Review,Northfield 28,28.0,2141,399,"Elizabeth ""Liz"" Nicholson",201,,0.5038,FALSE
Cook County Board of Review,Northfield 29,29.0,895,210,"Elizabeth ""Liz"" Nicholson",109,,0.519,FALSE
Cook County Board of Review,Northfield 30,30.0,1082,315,"Elizabeth ""Liz"" Nicholson",141,,0.4476,FALSE
Cook County Board of Review,Northfield 31,31.0,1413,276,"Elizabeth ""Liz"" Nicholson",128,,0.4638,FALSE
Cook County Board of Review,Northfield 32,32.0,1433,291,"Elizabeth ""Liz"" Nicholson",119,,0.4089,FALSE
Cook County Board of Review,Northfield 33,33.0,1078,97,"Elizabeth ""Liz"" Nicholson",41,,0.4227,FALSE
Cook County Board of Review,Northfield 34,34.0,776,204,"Elizabeth ""Liz"" Nicholson",103,,0.5049,FALSE
Cook County Board of Review,Northfield 35,35.0,1188,230,"Elizabeth ""Liz"" Nicholson",107,,0.4652,FALSE
Cook County Board of Review,Northfield 36,36.0,1106,199,"Elizabeth ""Liz"" Nicholson",82,,0.4121,FALSE
Cook County Board of Review,Northfield 37,37.0,1254,385,"Elizabeth ""Liz"" Nicholson",176,,0.4571,FALSE
Cook County Board of Review,Northfield 38,38.0,903,205,"Elizabeth ""Liz"" Nicholson",99,,0.4829,FALSE
Cook County Board of Review,Northfield 39,39.0,702,124,"Elizabeth ""Liz"" Nicholson",52,,0.4194,FALSE
Cook County Board of Review,Northfield 40,40.0,816,133,"Elizabeth ""Liz"" Nicholson",55,,0.4135,FALSE
Cook County Board of Review,Northfield 41,41.0,909,261,"Elizabeth ""Liz"" Nicholson",108,,0.4138,FALSE
Cook County Board of Review,Northfield 42,42.0,1151,216,"Elizabeth ""Liz"" Nicholson",92,,0.4259,FALSE
Cook County Board of Review,Northfield 43,43.0,1183,244,"Elizabeth ""Liz"" Nicholson",87,,0.3566,FALSE
Cook County Board of Review,Northfield 44,44.0,811,205,"Elizabeth ""Liz"" Nicholson",119,,0.5805,FALSE
Cook County Board of Review,Northfield 45,45.0,837,182,"Elizabeth ""Liz"" Nicholson",79,,0.4341,FALSE
Cook County Board of Review,Northfield 46,46.0,1441,263,"Elizabeth ""Liz"" Nicholson",137,,0.5209,FALSE
Cook County Board of Review,Northfield 47,47.0,1386,390,"Elizabeth ""Liz"" Nicholson",155,,0.3974,FALSE
Cook County Board of Review,Northfield 48,48.0,1015,215,"Elizabeth ""Liz"" Nicholson",92,,0.4279,FALSE
Cook County Board of Review,Northfield 49,49.0,1157,157,"Elizabeth ""Liz"" Nicholson",63,,0.4013,FALSE
Cook County Board of Review,Northfield 50,50.0,1439,230,"Elizabeth ""Liz"" Nicholson",98,,0.4261,FALSE
Cook County Board of Review,Northfield 51,51.0,3043,648,"Elizabeth ""Liz"" Nicholson",302,,0.466,FALSE
Cook County Board of Review,Northfield 52,52.0,904,285,"Elizabeth ""Liz"" Nicholson",126,,0.4421,FALSE
Cook County Board of Review,Northfield 53,53.0,1073,275,"Elizabeth ""Liz"" Nicholson",135,,0.4909,FALSE
Cook County Board of Review,Northfield 54,54.0,1740,400,"Elizabeth ""Liz"" Nicholson",142,,0.355,FALSE
Cook County Board of Review,Northfield 55,55.0,1015,287,"Elizabeth ""Liz"" Nicholson",105,,0.3659,FALSE
Cook County Board of Review,Northfield 56,56.0,1466,319,"Elizabeth ""Liz"" Nicholson",155,,0.4859,FALSE
Cook County Board of Review,Northfield 57,57.0,820,176,"Elizabeth ""Liz"" Nicholson",85,,0.483,FALSE
Cook County Board of Review,Northfield 58,58.0,604,102,"Elizabeth ""Liz"" Nicholson",39,,0.3824,FALSE
Cook County Board of Review,Northfield Township Results,,71612,15194,"Elizabeth ""Liz"" Nicholson",6684,,0.4399,FALSE
Circuit Court Judge (Cobbs),Northfield 1,1.0,1856,170,Luz Maria Toledo,82,TRUE,0.4824,FALSE
Circuit Court Judge (Cobbs),Northfield 2,2.0,979,235,Luz Maria Toledo,146,TRUE,0.6213,FALSE
Circuit Court Judge (Cobbs),Northfield 3,3.0,1754,330,Luz Maria Toledo,169,TRUE,0.5121,FALSE
Circuit Court Judge (Cobbs),Northfield 4,4.0,1156,226,Luz Maria Toledo,107,TRUE,0.4735,FALSE
Circuit Court Judge (Cobbs),Northfield 5,5.0,865,154,Luz Maria Toledo,92,TRUE,0.5974,FALSE
Circuit Court Judge (Cobbs),Northfield 6,6.0,1160,261,Luz Maria Toledo,131,TRUE,0.5019,FALSE
Circuit Court Judge (Cobbs),Northfield 7,7.0,1578,389,Luz Maria Toledo,177,TRUE,0.455,FALSE
Circuit Court Judge (Cobbs),Northfield 8,8.0,1540,317,Luz Maria Toledo,166,TRUE,0.5237,FALSE
Circuit Court Judge (Cobbs),Northfield 9,9.0,790,217,Luz Maria Toledo,102,TRUE,0.47,FALSE
Circuit Court Judge (Cobbs),Northfield 10,10.0,1036,201,Luz Maria Toledo,119,TRUE,0.592,FALSE
Circuit Court Judge (Cobbs),Northfield 11,11.0,1494,289,Luz Maria Toledo,160,TRUE,0.5536,FALSE
Circuit Court Judge (Cobbs),Northfield 12,12.0,1705,448,Luz Maria Toledo,221,TRUE,0.4933,FALSE
Circuit Court Judge (Cobbs),Northfield 13,13.0,989,208,Luz Maria Toledo,98,TRUE,0.4712,FALSE
Circuit Court Judge (Cobbs),Northfield 14,14.0,1063,216,Luz Maria Toledo,124,TRUE,0.5741,FALSE
Circuit Court Judge (Cobbs),Northfield 15,15.0,1884,446,Luz Maria Toledo,265,TRUE,0.5942,FALSE
Circuit Court Judge (Cobbs),Northfield 16,16.0,1222,252,Luz Maria Toledo,149,TRUE,0.5913,FALSE
Circuit Court Judge (Cobbs),Northfield 17,17.0,1839,283,Luz Maria Toledo,165,TRUE,0.583,FALSE
Circuit Court Judge (Cobbs),Northfield 18,18.0,1382,319,Luz Maria Toledo,194,TRUE,0.6082,FALSE
Circuit Court Judge (Cobbs),Northfield 19,19.0,1361,304,Luz Maria Toledo,160,TRUE,0.5263,FALSE
Circuit Court Judge (Cobbs),Northfield 20,20.0,1070,263,Luz Maria Toledo,134,TRUE,0.5095,FALSE
Circuit Court Judge (Cobbs),Northfield 21,21.0,1581,388,Luz Maria Toledo,197,TRUE,0.5077,FALSE
Circuit Court Judge (Cobbs),Northfield 22,22.0,1160,258,Luz Maria Toledo,142,TRUE,0.5504,FALSE
Circuit Court Judge (Cobbs),Northfield 23,23.0,860,184,Luz Maria Toledo,80,TRUE,0.4348,FALSE
Circuit Court Judge (Cobbs),Northfield 24,24.0,1013,258,Luz Maria Toledo,124,TRUE,0.4806,FALSE
Circuit Court Judge (Cobbs),Northfield 25,25.0,1034,212,Luz Maria Toledo,108,TRUE,0.5094,FALSE
Circuit Court Judge (Cobbs),Northfield 26,26.0,965,231,Luz Maria Toledo,142,TRUE,0.6147,FALSE
Circuit Court Judge (Cobbs),Northfield 27,27.0,1495,212,Luz Maria Toledo,110,TRUE,0.5189,FALSE
Circuit Court Judge (Cobbs),Northfield 28,28.0,2141,399,Luz Maria Toledo,208,TRUE,0.5213,FALSE
Circuit Court Judge (Cobbs),Northfield 29,29.0,895,210,Luz Maria Toledo,117,TRUE,0.5571,FALSE
Circuit Court Judge (Cobbs),Northfield 30,30.0,1082,315,Luz Maria Toledo,156,TRUE,0.4952,FALSE
Circuit Court Judge (Cobbs),Northfield 31,31.0,1413,276,Luz Maria Toledo,136,TRUE,0.4928,FALSE
Circuit Court Judge (Cobbs),Northfield 32,32.0,1433,291,Luz Maria Toledo,174,TRUE,0.5979,FALSE
Circuit Court Judge (Cobbs),Northfield 33,33.0,1078,97,Luz Maria Toledo,43,TRUE,0.4433,FALSE
Circuit Court Judge (Cobbs),Northfield 34,34.0,776,204,Luz Maria Toledo,105,TRUE,0.5147,FALSE
Circuit Court Judge (Cobbs),Northfield 35,35.0,1188,230,Luz Maria Toledo,112,TRUE,0.487,FALSE
Circuit Court Judge (Cobbs),Northfield 36,36.0,1106,199,Luz Maria Toledo,116,TRUE,0.5829,FALSE
Circuit Court Judge (Cobbs),Northfield 37,37.0,1254,385,Luz Maria Toledo,175,TRUE,0.4545,FALSE
Circuit Court Judge (Cobbs),Northfield 38,38.0,903,205,Luz Maria Toledo,94,TRUE,0.4585,FALSE
Circuit Court Judge (Cobbs),Northfield 39,39.0,702,124,Luz Maria Toledo,56,TRUE,0.4516,FALSE
Circuit Court Judge (Cobbs),Northfield 40,40.0,816,133,Luz Maria Toledo,82,TRUE,0.6165,FALSE
Circuit Court Judge (Cobbs),Northfield 41,41.0,909,261,Luz Maria Toledo,133,TRUE,0.5096,FALSE
Circuit Court Judge (Cobbs),Northfield 42,42.0,1151,216,Luz Maria Toledo,127,TRUE,0.588,FALSE
Circuit Court Judge (Cobbs),Northfield 43,43.0,1183,244,Luz Maria Toledo,150,TRUE,0.6148,FALSE
Circuit Court Judge (Cobbs),Northfield 44,44.0,811,205,Luz Maria Toledo,117,TRUE,0.5707,FALSE
Circuit Court Judge (Cobbs),Northfield 45,45.0,837,182,Luz Maria Toledo,90,TRUE,0.4945,FALSE
Circuit Court Judge (Cobbs),Northfield 46,46.0,1441,263,Luz Maria Toledo,173,TRUE,0.6578,FALSE
Circuit Court Judge (Cobbs),Northfield 47,47.0,1386,390,Luz Maria Toledo,216,TRUE,0.5538,FALSE
Circuit Court Judge (Cobbs),Northfield 48,48.0,1015,215,Luz Maria Toledo,99,TRUE,0.4605,FALSE
Circuit Court Judge (Cobbs),Northfield 49,49.0,1157,157,Luz Maria Toledo,80,TRUE,0.5096,FALSE
Circuit Court Judge (Cobbs),Northfield 50,50.0,1439,230,Luz Maria Toledo,124,TRUE,0.5391,FALSE
Circuit Court Judge (Cobbs),Northfield 51,51.0,3043,648,Luz Maria Toledo,362,TRUE,0.5586,FALSE
Circuit Court Judge (Cobbs),Northfield 52,52.0,904,285,Luz Maria Toledo,159,TRUE,0.5579,FALSE
Circuit Court Judge (Cobbs),Northfield 53,53.0,1073,275,Luz Maria Toledo,142,TRUE,0.5164,FALSE
Circuit Court Judge (Cobbs),Northfield 54,54.0,1740,400,Luz Maria Toledo,194,TRUE,0.485,FALSE
Circuit Court Judge (Cobbs),Northfield 55,55.0,1015,287,Luz Maria Toledo,151,TRUE,0.5261,FALSE
Circuit Court Judge (Cobbs),Northfield 56,56.0,1466,319,Luz Maria Toledo,174,TRUE,0.5455,FALSE
Circuit Court Judge (Cobbs),Northfield 57,57.0,820,176,Luz Maria Toledo,92,TRUE,0.5227,FALSE
Circuit Court Judge (Cobbs),Northfield 58,58.0,604,102,Luz Maria Toledo,49,TRUE,0.4804,FALSE
Circuit Court Judge (Cobbs),Northfield Township Results,,71612,15194,Luz Maria Toledo,8070,TRUE,0.5311,FALSE
Circuit Court Judge (Cobbs),Northfield 1,1.0,1856,170,Linda Sackey,55,FALSE,0.3235,FALSE
Circuit Court Judge (Cobbs),Northfield 2,2.0,979,235,Linda Sackey,49,FALSE,0.2085,FALSE
Circuit Court Judge (Cobbs),Northfield 3,3.0,1754,330,Linda Sackey,98,FALSE,0.297,FALSE
Circuit Court Judge (Cobbs),Northfield 4,4.0,1156,226,Linda Sackey,65,FALSE,0.2876,FALSE
Circuit Court Judge (Cobbs),Northfield 5,5.0,865,154,Linda Sackey,34,FALSE,0.2208,FALSE
Circuit Court Judge (Cobbs),Northfield 6,6.0,1160,261,Linda Sackey,75,FALSE,0.2874,FALSE
Circuit Court Judge (Cobbs),Northfield 7,7.0,1578,389,Linda Sackey,90,FALSE,0.2314,FALSE
Circuit Court Judge (Cobbs),Northfield 8,8.0,1540,317,Linda Sackey,74,FALSE,0.2334,FALSE
Circuit Court Judge (Cobbs),Northfield 9,9.0,790,217,Linda Sackey,63,FALSE,0.2903,FALSE
Circuit Court Judge (Cobbs),Northfield 10,10.0,1036,201,Linda Sackey,59,FALSE,0.2935,FALSE
Circuit Court Judge (Cobbs),Northfield 11,11.0,1494,289,Linda Sackey,67,FALSE,0.2318,FALSE
Circuit Court Judge (Cobbs),Northfield 12,12.0,1705,448,Linda Sackey,128,FALSE,0.2857,FALSE
Circuit Court Judge (Cobbs),Northfield 13,13.0,989,208,Linda Sackey,64,FALSE,0.3077,FALSE
Circuit Court Judge (Cobbs),Northfield 14,14.0,1063,216,Linda Sackey,64,FALSE,0.2963,FALSE
Circuit Court Judge (Cobbs),Northfield 15,15.0,1884,446,Linda Sackey,109,FALSE,0.2444,FALSE
Circuit Court Judge (Cobbs),Northfield 16,16.0,1222,252,Linda Sackey,71,FALSE,0.2817,FALSE
Circuit Court Judge (Cobbs),Northfield 17,17.0,1839,283,Linda Sackey,73,FALSE,0.258,FALSE
Circuit Court Judge (Cobbs),Northfield 18,18.0,1382,319,Linda Sackey,79,FALSE,0.2476,FALSE
Circuit Court Judge (Cobbs),Northfield 19,19.0,1361,304,Linda Sackey,92,FALSE,0.3026,FALSE
Circuit Court Judge (Cobbs),Northfield 20,20.0,1070,263,Linda Sackey,81,FALSE,0.308,FALSE
Circuit Court Judge (Cobbs),Northfield 21,21.0,1581,388,Linda Sackey,112,FALSE,0.2887,FALSE
Circuit Court Judge (Cobbs),Northfield 22,22.0,1160,258,Linda Sackey,71,FALSE,0.2752,FALSE
Circuit Court Judge (Cobbs),Northfield 23,23.0,860,184,Linda Sackey,65,FALSE,0.3533,FALSE
Circuit Court Judge (Cobbs),Northfield 24,24.0,1013,258,Linda Sackey,74,FALSE,0.2868,FALSE
Circuit Court Judge (Cobbs),Northfield 25,25.0,1034,212,Linda Sackey,67,FALSE,0.316,FALSE
Circuit Court Judge (Cobbs),Northfield 26,26.0,965,231,Linda Sackey,60,FALSE,0.2597,FALSE
Circuit Court Judge (Cobbs),Northfield 27,27.0,1495,212,Linda Sackey,70,FALSE,0.3302,FALSE
Circuit Court Judge (Cobbs),Northfield 28,28.0,2141,399,Linda Sackey,133,FALSE,0.3333,FALSE
Circuit Court Judge (Cobbs),Northfield 29,29.0,895,210,Linda Sackey,58,FALSE,0.2762,FALSE
Circuit Court Judge (Cobbs),Northfield 30,30.0,1082,315,Linda Sackey,94,FALSE,0.2984,FALSE
Circuit Court Judge (Cobbs),Northfield 31,31.0,1413,276,Linda Sackey,90,FALSE,0.3261,FALSE
Circuit Court Judge (Cobbs),Northfield 32,32.0,1433,291,Linda Sackey,68,FALSE,0.2337,FALSE
Circuit Court Judge (Cobbs),Northfield 33,33.0,1078,97,Linda Sackey,34,FALSE,0.3505,FALSE
Circuit Court Judge (Cobbs),Northfield 34,34.0,776,204,Linda Sackey,59,FALSE,0.2892,FALSE
Circuit Court Judge (Cobbs),Northfield 35,35.0,1188,230,Linda Sackey,73,FALSE,0.3174,FALSE
Circuit Court Judge (Cobbs),Northfield 36,36.0,1106,199,Linda Sackey,47,FALSE,0.2362,FALSE
Circuit Court Judge (Cobbs),Northfield 37,37.0,1254,385,Linda Sackey,101,FALSE,0.2623,FALSE
Circuit Court Judge (Cobbs),Northfield 38,38.0,903,205,Linda Sackey,69,FALSE,0.3366,FALSE
Circuit Court Judge (Cobbs),Northfield 39,39.0,702,124,Linda Sackey,47,FALSE,0.379,FALSE
Circuit Court Judge (Cobbs),Northfield 40,40.0,816,133,Linda Sackey,32,FALSE,0.2406,FALSE
Circuit Court Judge (Cobbs),Northfield 41,41.0,909,261,Linda Sackey,69,FALSE,0.2644,FALSE
Circuit Court Judge (Cobbs),Northfield 42,42.0,1151,216,Linda Sackey,57,FALSE,0.2639,FALSE
Circuit Court Judge (Cobbs),Northfield 43,43.0,1183,244,Linda Sackey,55,FALSE,0.2254,FALSE
Circuit Court Judge (Cobbs),Northfield 44,44.0,811,205,Linda Sackey,58,FALSE,0.2829,FALSE
Circuit Court Judge (Cobbs),Northfield 45,45.0,837,182,Linda Sackey,52,FALSE,0.2857,FALSE
Circuit Court Judge (Cobbs),Northfield 46,46.0,1441,263,Linda Sackey,57,FALSE,0.2167,FALSE
Circuit Court Judge (Cobbs),Northfield 47,47.0,1386,390,Linda Sackey,112,FALSE,0.2872,FALSE
Circuit Court Judge (Cobbs),Northfield 48,48.0,1015,215,Linda Sackey,65,FALSE,0.3023,FALSE
Circuit Court Judge (Cobbs),Northfield 49,49.0,1157,157,Linda Sackey,44,FALSE,0.2803,FALSE
Circuit Court Judge (Cobbs),Northfield 50,50.0,1439,230,Linda Sackey,67,FALSE,0.2913,FALSE
Circuit Court Judge (Cobbs),Northfield 51,51.0,3043,648,Linda Sackey,154,FALSE,0.2377,FALSE
Circuit Court Judge (Cobbs),Northfield 52,52.0,904,285,Linda Sackey,72,FALSE,0.2526,FALSE
Circuit Court Judge (Cobbs),Northfield 53,53.0,1073,275,Linda Sackey,85,FALSE,0.3091,FALSE
Circuit Court Judge (Cobbs),Northfield 54,54.0,1740,400,Linda Sackey,133,FALSE,0.3325,FALSE
Circuit Court Judge (Cobbs),Northfield 55,55.0,1015,287,Linda Sackey,91,FALSE,0.3171,FALSE
Circuit Court Judge (Cobbs),Northfield 56,56.0,1466,319,Linda Sackey,90,FALSE,0.2821,FALSE
Circuit Court Judge (Cobbs),Northfield 57,57.0,820,176,Linda Sackey,53,FALSE,0.3011,FALSE
Circuit Court Judge (Cobbs),Northfield 58,58.0,604,102,Linda Sackey,32,FALSE,0.3137,FALSE
Circuit Court Judge (Cobbs),Northfield Township Results,,71612,15194,Linda Sackey,4260,FALSE,0.2804,FALSE
Circuit Court Judge (Coghlan),Northfield 1,1.0,1856,170,Ashonta C. Rice,67,FALSE,0.3941,FALSE
Circuit Court Judge (Coghlan),Northfield 2,2.0,979,235,Ashonta C. Rice,56,FALSE,0.2383,FALSE
Circuit Court Judge (Coghlan),Northfield 3,3.0,1754,330,Ashonta C. Rice,81,FALSE,0.2455,FALSE
Circuit Court Judge (Coghlan),Northfield 4,4.0,1156,226,Ashonta C. Rice,86,FALSE,0.3805,FALSE
Circuit Court Judge (Coghlan),Northfield 5,5.0,865,154,Ashonta C. Rice,50,FALSE,0.3247,FALSE
Circuit Court Judge (Coghlan),Northfield 6,6.0,1160,261,Ashonta C. Rice,84,FALSE,0.3218,FALSE
Circuit Court Judge (Coghlan),Northfield 7,7.0,1578,389,Ashonta C. Rice,110,FALSE,0.2828,FALSE
Circuit Court Judge (Coghlan),Northfield 8,8.0,1540,317,Ashonta C. Rice,61,FALSE,0.1924,FALSE
Circuit Court Judge (Coghlan),Northfield 9,9.0,790,217,Ashonta C. Rice,58,FALSE,0.2673,FALSE
Circuit Court Judge (Coghlan),Northfield 10,10.0,1036,201,Ashonta C. Rice,75,FALSE,0.3731,FALSE
Circuit Court Judge (Coghlan),Northfield 11,11.0,1494,289,Ashonta C. Rice,84,FALSE,0.2907,FALSE
Circuit Court Judge (Coghlan),Northfield 12,12.0,1705,448,Ashonta C. Rice,118,FALSE,0.2634,FALSE
Circuit Court Judge (Coghlan),Northfield 13,13.0,989,208,Ashonta C. Rice,60,FALSE,0.2885,FALSE
Circuit Court Judge (Coghlan),Northfield 14,14.0,1063,216,Ashonta C. Rice,58,FALSE,0.2685,FALSE
Circuit Court Judge (Coghlan),Northfield 15,15.0,1884,446,Ashonta C. Rice,125,FALSE,0.2803,FALSE
Circuit Court Judge (Coghlan),Northfield 16,16.0,1222,252,Ashonta C. Rice,60,FALSE,0.2381,FALSE
Circuit Court Judge (Coghlan),Northfield 17,17.0,1839,283,Ashonta C. Rice,88,FALSE,0.311,FALSE
Circuit Court Judge (Coghlan),Northfield 18,18.0,1382,319,Ashonta C. Rice,76,FALSE,0.2382,FALSE
Circuit Court Judge (Coghlan),Northfield 19,19.0,1361,304,Ashonta C. Rice,93,FALSE,0.3059,FALSE
Circuit Court Judge (Coghlan),Northfield 20,20.0,1070,263,Ashonta C. Rice,74,FALSE,0.2814,FALSE
Circuit Court Judge (Coghlan),Northfield 21,21.0,1581,388,Ashonta C. Rice,113,FALSE,0.2912,FALSE
Circuit Court Judge (Coghlan),Northfield 22,22.0,1160,258,Ashonta C. Rice,55,FALSE,0.2132,FALSE
Circuit Court Judge (Coghlan),Northfield 23,23.0,860,184,Ashonta C. Rice,44,FALSE,0.2391,FALSE
Circuit Court Judge (Coghlan),Northfield 24,24.0,1013,258,Ashonta C. Rice,88,FALSE,0.3411,FALSE
Circuit Court Judge (Coghlan),Northfield 25,25.0,1034,212,Ashonta C. Rice,85,FALSE,0.4009,FALSE
Circuit Court Judge (Coghlan),Northfield 26,26.0,965,231,Ashonta C. Rice,61,FALSE,0.2641,FALSE
Circuit Court Judge (Coghlan),Northfield 27,27.0,1495,212,Ashonta C. Rice,93,FALSE,0.4387,FALSE
Circuit Court Judge (Coghlan),Northfield 28,28.0,2141,399,Ashonta C. Rice,119,FALSE,0.2982,FALSE
Circuit Court Judge (Coghlan),Northfield 29,29.0,895,210,Ashonta C. Rice,40,FALSE,0.1905,FALSE
Circuit Court Judge (Coghlan),Northfield 30,30.0,1082,315,Ashonta C. Rice,113,FALSE,0.3587,FALSE
Circuit Court Judge (Coghlan),Northfield 31,31.0,1413,276,Ashonta C. Rice,95,FALSE,0.3442,FALSE
Circuit Court Judge (Coghlan),Northfield 32,32.0,1433,291,Ashonta C. Rice,93,FALSE,0.3196,FALSE
Circuit Court Judge (Coghlan),Northfield 33,33.0,1078,97,Ashonta C. Rice,37,FALSE,0.3814,FALSE
Circuit Court Judge (Coghlan),Northfield 34,34.0,776,204,Ashonta C. Rice,66,FALSE,0.3235,FALSE
Circuit Court Judge (Coghlan),Northfield 35,35.0,1188,230,Ashonta C. Rice,66,FALSE,0.287,FALSE
Circuit Court Judge (Coghlan),Northfield 36,36.0,1106,199,Ashonta C. Rice,45,FALSE,0.2261,FALSE
Circuit Court Judge (Coghlan),Northfield 37,37.0,1254,385,Ashonta C. Rice,118,FALSE,0.3065,FALSE
Circuit Court Judge (Coghlan),Northfield 38,38.0,903,205,Ashonta C. Rice,80,FALSE,0.3902,FALSE
Circuit Court Judge (Coghlan),Northfield 39,39.0,702,124,Ashonta C. Rice,54,FALSE,0.4355,FALSE
Circuit Court Judge (Coghlan),Northfield 40,40.0,816,133,Ashonta C. Rice,46,FALSE,0.3459,FALSE
Circuit Court Judge (Coghlan),Northfield 41,41.0,909,261,Ashonta C. Rice,74,FALSE,0.2835,FALSE
Circuit Court Judge (Coghlan),Northfield 42,42.0,1151,216,Ashonta C. Rice,59,FALSE,0.2731,FALSE
Circuit Court Judge (Coghlan),Northfield 43,43.0,1183,244,Ashonta C. Rice,89,FALSE,0.3648,FALSE
Circuit Court Judge (Coghlan),Northfield 44,44.0,811,205,Ashonta C. Rice,69,FALSE,0.3366,FALSE
Circuit Court Judge (Coghlan),Northfield 45,45.0,837,182,Ashonta C. Rice,48,FALSE,0.2637,FALSE
Circuit Court Judge (Coghlan),Northfield 46,46.0,1441,263,Ashonta C. Rice,74,FALSE,0.2814,FALSE
Circuit Court Judge (Coghlan),Northfield 47,47.0,1386,390,Ashonta C. Rice,106,FALSE,0.2718,FALSE
Circuit Court Judge (Coghlan),Northfield 48,48.0,1015,215,Ashonta C. Rice,71,FALSE,0.3302,FALSE
Circuit Court Judge (Coghlan),Northfield 49,49.0,1157,157,Ashonta C. Rice,59,FALSE,0.3758,FALSE
Circuit Court Judge (Coghlan),Northfield 50,50.0,1439,230,Ashonta C. Rice,50,FALSE,0.2174,FALSE
Circuit Court Judge (Coghlan),Northfield 51,51.0,3043,648,Ashonta C. Rice,180,FALSE,0.2778,FALSE
Circuit Court Judge (Coghlan),Northfield 52,52.0,904,285,Ashonta C. Rice,75,FALSE,0.2632,FALSE
Circuit Court Judge (Coghlan),Northfield 53,53.0,1073,275,Ashonta C. Rice,72,FALSE,0.2618,FALSE
Circuit Court Judge (Coghlan),Northfield 54,54.0,1740,400,Ashonta C. Rice,90,FALSE,0.225,FALSE
Circuit Court Judge (Coghlan),Northfield 55,55.0,1015,287,Ashonta C. Rice,82,FALSE,0.2857,FALSE
Circuit Court Judge (Coghlan),Northfield 56,56.0,1466,319,Ashonta C. Rice,100,FALSE,0.3135,FALSE
Circuit Court Judge (Coghlan),Northfield 57,57.0,820,176,Ashonta C. Rice,60,FALSE,0.3409,FALSE
Circuit Court Judge (Coghlan),Northfield 58,58.0,604,102,Ashonta C. Rice,30,FALSE,0.2941,FALSE
Circuit Court Judge (Coghlan),Northfield Township Results,,71612,15194,Ashonta C. Rice,4463,FALSE,0.2937,FALSE
Circuit Court Judge (Coghlan),Northfield 1,1.0,1856,170,Michael Cabonargi,69,TRUE,0.4059,FALSE
Circuit Court Judge (Coghlan),Northfield 2,2.0,979,235,Michael Cabonargi,138,TRUE,0.5872,FALSE
Circuit Court Judge (Coghlan),Northfield 3,3.0,1754,330,Michael Cabonargi,182,TRUE,0.5515,FALSE
Circuit Court Judge (Coghlan),Northfield 4,4.0,1156,226,Michael Cabonargi,83,TRUE,0.3673,FALSE
Circuit Court Judge (Coghlan),Northfield 5,5.0,865,154,Michael Cabonargi,79,TRUE,0.513,FALSE
Circuit Court Judge (Coghlan),Northfield 6,6.0,1160,261,Michael Cabonargi,123,TRUE,0.4713,FALSE
Circuit Court Judge (Coghlan),Northfield 7,7.0,1578,389,Michael Cabonargi,152,TRUE,0.3907,FALSE
Circuit Court Judge (Coghlan),Northfield 8,8.0,1540,317,Michael Cabonargi,180,TRUE,0.5678,FALSE
Circuit Court Judge (Coghlan),Northfield 9,9.0,790,217,Michael Cabonargi,105,TRUE,0.4839,FALSE
Circuit Court Judge (Coghlan),Northfield 10,10.0,1036,201,Michael Cabonargi,100,TRUE,0.4975,FALSE
Circuit Court Judge (Coghlan),Northfield 11,11.0,1494,289,Michael Cabonargi,142,TRUE,0.4913,FALSE
Circuit Court Judge (Coghlan),Northfield 12,12.0,1705,448,Michael Cabonargi,227,TRUE,0.5067,FALSE
Circuit Court Judge (Coghlan),Northfield 13,13.0,989,208,Michael Cabonargi,101,TRUE,0.4856,FALSE
Circuit Court Judge (Coghlan),Northfield 14,14.0,1063,216,Michael Cabonargi,129,TRUE,0.5972,FALSE
Circuit Court Judge (Coghlan),Northfield 15,15.0,1884,446,Michael Cabonargi,248,TRUE,0.5561,FALSE
Circuit Court Judge (Coghlan),Northfield 16,16.0,1222,252,Michael Cabonargi,156,TRUE,0.619,FALSE
Circuit Court Judge (Coghlan),Northfield 17,17.0,1839,283,Michael Cabonargi,152,TRUE,0.5371,FALSE
Circuit Court Judge (Coghlan),Northfield 18,18.0,1382,319,Michael Cabonargi,195,TRUE,0.6113,FALSE
Circuit Court Judge (Coghlan),Northfield 19,19.0,1361,304,Michael Cabonargi,158,TRUE,0.5197,FALSE
Circuit Court Judge (Coghlan),Northfield 20,20.0,1070,263,Michael Cabonargi,136,TRUE,0.5171,FALSE
Circuit Court Judge (Coghlan),Northfield 21,21.0,1581,388,Michael Cabonargi,197,TRUE,0.5077,FALSE
Circuit Court Judge (Coghlan),Northfield 22,22.0,1160,258,Michael Cabonargi,154,TRUE,0.5969,FALSE
Circuit Court Judge (Coghlan),Northfield 23,23.0,860,184,Michael Cabonargi,95,TRUE,0.5163,FALSE
Circuit Court Judge (Coghlan),Northfield 24,24.0,1013,258,Michael Cabonargi,115,TRUE,0.4457,FALSE
Circuit Court Judge (Coghlan),Northfield 25,25.0,1034,212,Michael Cabonargi,89,TRUE,0.4198,FALSE
Circuit Court Judge (Coghlan),Northfield 26,26.0,965,231,Michael Cabonargi,139,TRUE,0.6017,FALSE
Circuit Court Judge (Coghlan),Northfield 27,27.0,1495,212,Michael Cabonargi,84,TRUE,0.3962,FALSE
Circuit Court Judge (Coghlan),Northfield 28,28.0,2141,399,Michael Cabonargi,225,TRUE,0.5639,FALSE
Circuit Court Judge (Coghlan),Northfield 29,29.0,895,210,Michael Cabonargi,135,TRUE,0.6429,FALSE
Circuit Court Judge (Coghlan),Northfield 30,30.0,1082,315,Michael Cabonargi,141,TRUE,0.4476,FALSE
Circuit Court Judge (Coghlan),Northfield 31,31.0,1413,276,Michael Cabonargi,132,TRUE,0.4783,FALSE
Circuit Court Judge (Coghlan),Northfield 32,32.0,1433,291,Michael Cabonargi,151,TRUE,0.5189,FALSE
Circuit Court Judge (Coghlan),Northfield 33,33.0,1078,97,Michael Cabonargi,40,TRUE,0.4124,FALSE
Circuit Court Judge (Coghlan),Northfield 34,34.0,776,204,Michael Cabonargi,99,TRUE,0.4853,FALSE
Circuit Court Judge (Coghlan),Northfield 35,35.0,1188,230,Michael Cabonargi,114,TRUE,0.4957,FALSE
Circuit Court Judge (Coghlan),Northfield 36,36.0,1106,199,Michael Cabonargi,119,TRUE,0.598,FALSE
Circuit Court Judge (Coghlan),Northfield 37,37.0,1254,385,Michael Cabonargi,157,TRUE,0.4078,FALSE
Circuit Court Judge (Coghlan),Northfield 38,38.0,903,205,Michael Cabonargi,78,TRUE,0.3805,FALSE
Circuit Court Judge (Coghlan),Northfield 39,39.0,702,124,Michael Cabonargi,48,TRUE,0.3871,FALSE
Circuit Court Judge (Coghlan),Northfield 40,40.0,816,133,Michael Cabonargi,69,TRUE,0.5188,FALSE
Circuit Court Judge (Coghlan),Northfield 41,41.0,909,261,Michael Cabonargi,124,TRUE,0.4751,FALSE
Circuit Court Judge (Coghlan),Northfield 42,42.0,1151,216,Michael Cabonargi,125,TRUE,0.5787,FALSE
Circuit Court Judge (Coghlan),Northfield 43,43.0,1183,244,Michael Cabonargi,109,TRUE,0.4467,FALSE
Circuit Court Judge (Coghlan),Northfield 44,44.0,811,205,Michael Cabonargi,109,TRUE,0.5317,FALSE
Circuit Court Judge (Coghlan),Northfield 45,45.0,837,182,Michael Cabonargi,96,TRUE,0.5275,FALSE
Circuit Court Judge (Coghlan),Northfield 46,46.0,1441,263,Michael Cabonargi,153,TRUE,0.5817,FALSE
Circuit Court Judge (Coghlan),Northfield 47,47.0,1386,390,Michael Cabonargi,220,TRUE,0.5641,FALSE
Circuit Court Judge (Coghlan),Northfield 48,48.0,1015,215,Michael Cabonargi,90,TRUE,0.4186,FALSE
Circuit Court Judge (Coghlan),Northfield 49,49.0,1157,157,Michael Cabonargi,66,TRUE,0.4204,FALSE
Circuit Court Judge (Coghlan),Northfield 50,50.0,1439,230,Michael Cabonargi,144,TRUE,0.6261,FALSE
Circuit Court Judge (Coghlan),Northfield 51,51.0,3043,648,Michael Cabonargi,341,TRUE,0.5262,FALSE
Circuit Court Judge (Coghlan),Northfield 52,52.0,904,285,Michael Cabonargi,157,TRUE,0.5509,FALSE
Circuit Court Judge (Coghlan),Northfield 53,53.0,1073,275,Michael Cabonargi,159,TRUE,0.5782,FALSE
Circuit Court Judge (Coghlan),Northfield 54,54.0,1740,400,Michael Cabonargi,235,TRUE,0.5875,FALSE
Circuit Court Judge (Coghlan),Northfield 55,55.0,1015,287,Michael Cabonargi,162,TRUE,0.5645,FALSE
Circuit Court Judge (Coghlan),Northfield 56,56.0,1466,319,Michael Cabonargi,158,TRUE,0.4953,FALSE
Circuit Court Judge (Coghlan),Northfield 57,57.0,820,176,Michael Cabonargi,86,TRUE,0.4886,FALSE
Circuit Court Judge (Coghlan),Northfield 58,58.0,604,102,Michael Cabonargi,56,TRUE,0.549,FALSE
Circuit Court Judge (Coghlan),Northfield Township Results,,71612,15194,Michael Cabonargi,7826,TRUE,0.5151,FALSE
Committeeperson Dem State Central 9th,Northfield 4,4.0,1156,226,Josina Morita,42,FALSE,0.1858,TRUE
Committeeperson Dem State Central 9th,Northfield 5,5.0,865,154,Josina Morita,28,FALSE,0.1818,TRUE
Committeeperson Dem State Central 9th,Northfield 6,6.0,1160,261,Josina Morita,47,FALSE,0.1801,TRUE
Committeeperson Dem State Central 9th,Northfield 7,7.0,1578,389,Josina Morita,38,FALSE,0.0977,TRUE
Committeeperson Dem State Central 9th,Northfield 8,8.0,1540,233,Josina Morita,31,FALSE,0.133,TRUE
Committeeperson Dem State Central 9th,Northfield 9,9.0,790,217,Josina Morita,27,FALSE,0.1244,TRUE
Committeeperson Dem State Central 9th,Northfield 10,10.0,1036,201,Josina Morita,40,FALSE,0.199,TRUE
Committeeperson Dem State Central 9th,Northfield 12,12.0,1705,448,Josina Morita,66,FALSE,0.1473,TRUE
Committeeperson Dem State Central 9th,Northfield 13,13.0,989,208,Josina Morita,24,FALSE,0.1154,TRUE
Committeeperson Dem State Central 9th,Northfield 19,19.0,1361,304,Josina Morita,37,FALSE,0.1217,TRUE
Committeeperson Dem State Central 9th,Northfield 20,20.0,1070,263,Josina Morita,32,FALSE,0.1217,TRUE
Committeeperson Dem State Central 9th,Northfield 21,21.0,1581,388,Josina Morita,52,FALSE,0.134,TRUE
Committeeperson Dem State Central 9th,Northfield 23,23.0,860,184,Josina Morita,13,FALSE,0.0707,TRUE
Committeeperson Dem State Central 9th,Northfield 24,24.0,1013,258,Josina Morita,31,FALSE,0.1202,TRUE
Committeeperson Dem State Central 9th,Northfield 25,25.0,1034,212,Josina Morita,48,FALSE,0.2264,TRUE
Committeeperson Dem State Central 9th,Northfield 27,27.0,1495,212,Josina Morita,35,FALSE,0.1651,TRUE
Committeeperson Dem State Central 9th,Northfield 30,30.0,1082,315,Josina Morita,37,FALSE,0.1175,TRUE
Committeeperson Dem State Central 9th,Northfield 31,31.0,1413,276,Josina Morita,39,FALSE,0.1413,TRUE
Committeeperson Dem State Central 9th,Northfield 33,33.0,1078,54,Josina Morita,6,FALSE,0.1111,TRUE
Committeeperson Dem State Central 9th,Northfield 35,35.0,1188,230,Josina Morita,27,FALSE,0.1174,TRUE
Committeeperson Dem State Central 9th,Northfield 37,37.0,1254,385,Josina Morita,42,FALSE,0.1091,TRUE
Committeeperson Dem State Central 9th,Northfield 38,38.0,903,205,Josina Morita,36,FALSE,0.1756,TRUE
Committeeperson Dem State Central 9th,Northfield 39,39.0,702,124,Josina Morita,27,FALSE,0.2177,TRUE
Committeeperson Dem State Central 9th,Northfield 41,41.0,909,261,Josina Morita,23,FALSE,0.0881,TRUE
Committeeperson Dem State Central 9th,Northfield 42,42.0,1151,216,Josina Morita,34,FALSE,0.1574,TRUE
Committeeperson Dem State Central 9th,Northfield 43,43.0,1183,5,Josina Morita,1,FALSE,0.2,TRUE
Committeeperson Dem State Central 9th,Northfield 44,44.0,811,205,Josina Morita,41,FALSE,0.2,TRUE
Committeeperson Dem State Central 9th,Northfield 45,45.0,837,182,Josina Morita,23,FALSE,0.1264,TRUE
Committeeperson Dem State Central 9th,Northfield 48,48.0,1015,215,Josina Morita,37,FALSE,0.1721,TRUE
Committeeperson Dem State Central 9th,Northfield 49,49.0,1157,157,Josina Morita,30,FALSE,0.1911,TRUE
Committeeperson Dem State Central 9th,Northfield 51,51.0,3043,648,Josina Morita,98,FALSE,0.1512,TRUE
Committeeperson Dem State Central 9th,Northfield 52,52.0,904,285,Josina Morita,35,FALSE,0.1228,TRUE
Committeeperson Dem State Central 9th,Northfield 53,53.0,1073,275,Josina Morita,37,FALSE,0.1345,TRUE
Committeeperson Dem State Central 9th,Northfield 56,56.0,1466,319,Josina Morita,48,FALSE,0.1505,TRUE
Committeeperson Dem State Central 9th,Northfield 57,57.0,820,176,Josina Morita,29,FALSE,0.1648,TRUE
Committeeperson Dem State Central 9th,Northfield Township Results,,41222,8691,Josina Morita,1241,FALSE,0.1428,TRUE
Committeeperson Dem State Central 9th,Northfield 4,4.0,1156,226,Laura Fine,129,TRUE,0.5708,TRUE
Committeeperson Dem State Central 9th,Northfield 5,5.0,865,154,Laura Fine,101,TRUE,0.6558,TRUE
Committeeperson Dem State Central 9th,Northfield 6,6.0,1160,261,Laura Fine,174,TRUE,0.6667,TRUE
Committeeperson Dem State Central 9th,Northfield 7,7.0,1578,389,Laura Fine,275,TRUE,0.7069,TRUE
Committeeperson Dem State Central 9th,Northfield 8,8.0,1540,233,Laura Fine,154,TRUE,0.6609,TRUE
Committeeperson Dem State Central 9th,Northfield 9,9.0,790,217,Laura Fine,137,TRUE,0.6313,TRUE
Committeeperson Dem State Central 9th,Northfield 10,10.0,1036,201,Laura Fine,149,TRUE,0.7413,TRUE
Committeeperson Dem State Central 9th,Northfield 12,12.0,1705,448,Laura Fine,304,TRUE,0.6786,TRUE
Committeeperson Dem State Central 9th,Northfield 13,13.0,989,208,Laura Fine,152,TRUE,0.7308,TRUE
Committeeperson Dem State Central 9th,Northfield 19,19.0,1361,304,Laura Fine,211,TRUE,0.6941,TRUE
Committeeperson Dem State Central 9th,Northfield 20,20.0,1070,263,Laura Fine,195,TRUE,0.7414,TRUE
Committeeperson Dem State Central 9th,Northfield 21,21.0,1581,388,Laura Fine,276,TRUE,0.7113,TRUE
Committeeperson Dem State Central 9th,Northfield 23,23.0,860,184,Laura Fine,122,TRUE,0.663,TRUE
Committeeperson Dem State Central 9th,Northfield 24,24.0,1013,258,Laura Fine,171,TRUE,0.6628,TRUE
Committeeperson Dem State Central 9th,Northfield 25,25.0,1034,212,Laura Fine,142,TRUE,0.6698,TRUE
Committeeperson Dem State Central 9th,Northfield 27,27.0,1495,212,Laura Fine,136,TRUE,0.6415,TRUE
Committeeperson Dem State Central 9th,Northfield 30,30.0,1082,315,Laura Fine,210,TRUE,0.6667,TRUE
Committeeperson Dem State Central 9th,Northfield 31,31.0,1413,276,Laura Fine,183,TRUE,0.663,TRUE
Committeeperson Dem State Central 9th,Northfield 33,33.0,1078,54,Laura Fine,30,TRUE,0.5556,TRUE
Committeeperson Dem State Central 9th,Northfield 35,35.0,1188,230,Laura Fine,136,TRUE,0.5913,TRUE
Committeeperson Dem State Central 9th,Northfield 37,37.0,1254,385,Laura Fine,231,TRUE,0.6,TRUE
Committeeperson Dem State Central 9th,Northfield 38,38.0,903,205,Laura Fine,132,TRUE,0.6439,TRUE
Committeeperson Dem State Central 9th,Northfield 39,39.0,702,124,Laura Fine,73,TRUE,0.5887,TRUE
Committeeperson Dem State Central 9th,Northfield 41,41.0,909,261,Laura Fine,211,TRUE,0.8084,TRUE
Committeeperson Dem State Central 9th,Northfield 42,42.0,1151,216,Laura Fine,158,TRUE,0.7315,TRUE
Committeeperson Dem State Central 9th,Northfield 43,43.0,1183,5,Laura Fine,3,TRUE,0.6,TRUE
Committeeperson Dem State Central 9th,Northfield 44,44.0,811,205,Laura Fine,145,TRUE,0.7073,TRUE
Committeeperson Dem State Central 9th,Northfield 45,45.0,837,182,Laura Fine,139,TRUE,0.7637,TRUE
Committeeperson Dem State Central 9th,Northfield 48,48.0,1015,215,Laura Fine,149,TRUE,0.693,TRUE
Committeeperson Dem State Central 9th,Northfield 49,49.0,1157,157,Laura Fine,109,TRUE,0.6943,TRUE
Committeeperson Dem State Central 9th,Northfield 51,51.0,3043,648,Laura Fine,481,TRUE,0.7423,TRUE
Committeeperson Dem State Central 9th,Northfield 52,52.0,904,285,Laura Fine,220,TRUE,0.7719,TRUE
Committeeperson Dem State Central 9th,Northfield 53,53.0,1073,275,Laura Fine,216,TRUE,0.7855,TRUE
Committeeperson Dem State Central 9th,Northfield 56,56.0,1466,319,Laura Fine,221,TRUE,0.6928,TRUE
Committeeperson Dem State Central 9th,Northfield 57,57.0,820,176,Laura Fine,122,TRUE,0.6932,TRUE
Committeeperson Dem State Central 9th,Northfield Township Results,,41222,8691,Laura Fine,5997,TRUE,0.69,TRUE
Committeeperson Dem State Central 9th,Northfield 4,4.0,1156,226,Leni Manaa-Hoppenworth,17,FALSE,0.0752,TRUE
Committeeperson Dem State Central 9th,Northfield 5,5.0,865,154,Leni Manaa-Hoppenworth,6,FALSE,0.039,TRUE
Committeeperson Dem State Central 9th,Northfield 6,6.0,1160,261,Leni Manaa-Hoppenworth,13,FALSE,0.0498,TRUE
Committeeperson Dem State Central 9th,Northfield 7,7.0,1578,389,Leni Manaa-Hoppenworth,14,FALSE,0.036,TRUE
Committeeperson Dem State Central 9th,Northfield 8,8.0,1540,233,Leni Manaa-Hoppenworth,13,FALSE,0.0558,TRUE
Committeeperson Dem State Central 9th,Northfield 9,9.0,790,217,Leni Manaa-Hoppenworth,13,FALSE,0.0599,TRUE
Committeeperson Dem State Central 9th,Northfield 10,10.0,1036,201,Leni Manaa-Hoppenworth,11,FALSE,0.0547,TRUE
Committeeperson Dem State Central 9th,Northfield 12,12.0,1705,448,Leni Manaa-Hoppenworth,21,FALSE,0.0469,TRUE
Committeeperson Dem State Central 9th,Northfield 13,13.0,989,208,Leni Manaa-Hoppenworth,17,FALSE,0.0817,TRUE
Committeeperson Dem State Central 9th,Northfield 19,19.0,1361,304,Leni Manaa-Hoppenworth,16,FALSE,0.0526,TRUE
Committeeperson Dem State Central 9th,Northfield 20,20.0,1070,263,Leni Manaa-Hoppenworth,10,FALSE,0.038,TRUE
Committeeperson Dem State Central 9th,Northfield 21,21.0,1581,388,Leni Manaa-Hoppenworth,24,FALSE,0.0619,TRUE
Committeeperson Dem State Central 9th,Northfield 23,23.0,860,184,Leni Manaa-Hoppenworth,9,FALSE,0.0489,TRUE
Committeeperson Dem State Central 9th,Northfield 24,24.0,1013,258,Leni Manaa-Hoppenworth,12,FALSE,0.0465,TRUE
Committeeperson Dem State Central 9th,Northfield 25,25.0,1034,212,Leni Manaa-Hoppenworth,13,FALSE,0.0613,TRUE
Committeeperson Dem State Central 9th,Northfield 27,27.0,1495,212,Leni Manaa-Hoppenworth,18,FALSE,0.0849,TRUE
Committeeperson Dem State Central 9th,Northfield 30,30.0,1082,315,Leni Manaa-Hoppenworth,20,FALSE,0.0635,TRUE
Committeeperson Dem State Central 9th,Northfield 31,31.0,1413,276,Leni Manaa-Hoppenworth,9,FALSE,0.0326,TRUE
Committeeperson Dem State Central 9th,Northfield 33,33.0,1078,54,Leni Manaa-Hoppenworth,5,FALSE,0.0926,TRUE
Committeeperson Dem State Central 9th,Northfield 35,35.0,1188,230,Leni Manaa-Hoppenworth,22,FALSE,0.0957,TRUE
Committeeperson Dem State Central 9th,Northfield 37,37.0,1254,385,Leni Manaa-Hoppenworth,22,FALSE,0.0571,TRUE
Committeeperson Dem State Central 9th,Northfield 38,38.0,903,205,Leni Manaa-Hoppenworth,16,FALSE,0.078,TRUE
Committeeperson Dem State Central 9th,Northfield 39,39.0,702,124,Leni Manaa-Hoppenworth,13,FALSE,0.1048,TRUE
Committeeperson Dem State Central 9th,Northfield 41,41.0,909,261,Leni Manaa-Hoppenworth,13,FALSE,0.0498,TRUE
Committeeperson Dem State Central 9th,Northfield 42,42.0,1151,216,Leni Manaa-Hoppenworth,14,FALSE,0.0648,TRUE
Committeeperson Dem State Central 9th,Northfield 43,43.0,1183,5,Leni Manaa-Hoppenworth,1,FALSE,0.2,TRUE
Committeeperson Dem State Central 9th,Northfield 44,44.0,811,205,Leni Manaa-Hoppenworth,6,FALSE,0.0293,TRUE
Committeeperson Dem State Central 9th,Northfield 45,45.0,837,182,Leni Manaa-Hoppenworth,11,FALSE,0.0604,TRUE
Committeeperson Dem State Central 9th,Northfield 48,48.0,1015,215,Leni Manaa-Hoppenworth,8,FALSE,0.0372,TRUE
Committeeperson Dem State Central 9th,Northfield 49,49.0,1157,157,Leni Manaa-Hoppenworth,12,FALSE,0.0764,TRUE
Committeeperson Dem State Central 9th,Northfield 51,51.0,3043,648,Leni Manaa-Hoppenworth,45,FALSE,0.0694,TRUE
Committeeperson Dem State Central 9th,Northfield 52,52.0,904,285,Leni Manaa-Hoppenworth,8,FALSE,0.0281,TRUE
Committeeperson Dem State Central 9th,Northfield 53,53.0,1073,275,Leni Manaa-Hoppenworth,10,FALSE,0.0364,TRUE
Committeeperson Dem State Central 9th,Northfield 56,56.0,1466,319,Leni Manaa-Hoppenworth,24,FALSE,0.0752,TRUE
Committeeperson Dem State Central 9th,Northfield 57,57.0,820,176,Leni Manaa-Hoppenworth,11,FALSE,0.0625,TRUE
Committeeperson Dem State Central 9th,Northfield Township Results,,41222,8691,Leni Manaa-Hoppenworth,497,FALSE,0.0572,TRUE
Committeeperson Dem State Central 9th,Northfield 4,4.0,1156,226,Daniel Biss,119,TRUE,0.5265,TRUE
Committeeperson Dem State Central 9th,Northfield 5,5.0,865,154,Daniel Biss,93,TRUE,0.6039,TRUE
Committeeperson Dem State Central 9th,Northfield 6,6.0,1160,261,Daniel Biss,142,TRUE,0.5441,TRUE
Committeeperson Dem State Central 9th,Northfield 7,7.0,1578,389,Daniel Biss,195,TRUE,0.5013,TRUE
Committeeperson Dem State Central 9th,Northfield 8,8.0,1540,233,Daniel Biss,134,TRUE,0.5751,TRUE
Committeeperson Dem State Central 9th,Northfield 9,9.0,790,217,Daniel Biss,124,TRUE,0.5714,TRUE
Committeeperson Dem State Central 9th,Northfield 10,10.0,1036,201,Daniel Biss,125,TRUE,0.6219,TRUE
Committeeperson Dem State Central 9th,Northfield 12,12.0,1705,448,Daniel Biss,252,TRUE,0.5625,TRUE
Committeeperson Dem State Central 9th,Northfield 13,13.0,989,208,Daniel Biss,99,TRUE,0.476,TRUE
Committeeperson Dem State Central 9th,Northfield 19,19.0,1361,304,Daniel Biss,186,TRUE,0.6118,TRUE
Committeeperson Dem State Central 9th,Northfield 20,20.0,1070,263,Daniel Biss,162,TRUE,0.616,TRUE
Committeeperson Dem State Central 9th,Northfield 21,21.0,1581,388,Daniel Biss,219,TRUE,0.5644,TRUE
Committeeperson Dem State Central 9th,Northfield 23,23.0,860,184,Daniel Biss,109,TRUE,0.5924,TRUE
Committeeperson Dem State Central 9th,Northfield 24,24.0,1013,258,Daniel Biss,149,TRUE,0.5775,TRUE
Committeeperson Dem State Central 9th,Northfield 25,25.0,1034,212,Daniel Biss,117,TRUE,0.5519,TRUE
Committeeperson Dem State Central 9th,Northfield 27,27.0,1495,212,Daniel Biss,110,TRUE,0.5189,TRUE
Committeeperson Dem State Central 9th,Northfield 30,30.0,1082,315,Daniel Biss,183,TRUE,0.581,TRUE
Committeeperson Dem State Central 9th,Northfield 31,31.0,1413,276,Daniel Biss,158,TRUE,0.5725,TRUE
Committeeperson Dem State Central 9th,Northfield 33,33.0,1078,54,Daniel Biss,29,TRUE,0.537,TRUE
Committeeperson Dem State Central 9th,Northfield 35,35.0,1188,230,Daniel Biss,136,TRUE,0.5913,TRUE
Committeeperson Dem State Central 9th,Northfield 37,37.0,1254,385,Daniel Biss,207,TRUE,0.5377,TRUE
Committeeperson Dem State Central 9th,Northfield 38,38.0,903,205,Daniel Biss,126,TRUE,0.6146,TRUE
Committeeperson Dem State Central 9th,Northfield 39,39.0,702,124,Daniel Biss,55,TRUE,0.4435,TRUE
Committeeperson Dem State Central 9th,Northfield 41,41.0,909,261,Daniel Biss,150,TRUE,0.5747,TRUE
Committeeperson Dem State Central 9th,Northfield 42,42.0,1151,216,Daniel Biss,137,TRUE,0.6343,TRUE
Committeeperson Dem State Central 9th,Northfield 43,43.0,1183,5,Daniel Biss,3,TRUE,0.6,TRUE
Committeeperson Dem State Central 9th,Northfield 44,44.0,811,205,Daniel Biss,119,TRUE,0.5805,TRUE
Committeeperson Dem State Central 9th,Northfield 45,45.0,837,182,Daniel Biss,95,TRUE,0.522,TRUE
Committeeperson Dem State Central 9th,Northfield 48,48.0,1015,215,Daniel Biss,123,TRUE,0.5721,TRUE
Committeeperson Dem State Central 9th,Northfield 49,49.0,1157,157,Daniel Biss,78,TRUE,0.4968,TRUE
Committeeperson Dem State Central 9th,Northfield 51,51.0,3043,648,Daniel Biss,343,TRUE,0.5293,TRUE
Committeeperson Dem State Central 9th,Northfield 52,52.0,904,285,Daniel Biss,166,TRUE,0.5825,TRUE
Committeeperson Dem State Central 9th,Northfield 53,53.0,1073,275,Daniel Biss,148,TRUE,0.5382,TRUE
Committeeperson Dem State Central 9th,Northfield 56,56.0,1466,319,Daniel Biss,185,TRUE,0.5799,TRUE
Committeeperson Dem State Central 9th,Northfield 57,57.0,820,176,Daniel Biss,101,TRUE,0.5739,TRUE
Committeeperson Dem State Central 9th,Northfield Township Results,,41222,8691,Daniel Biss,4877,TRUE,0.5612,TRUE
Committeeperson Dem State Central 9th,Northfield 4,4.0,1156,226,George D. Alpogianis,7,FALSE,0.031,TRUE
Committeeperson Dem State Central 9th,Northfield 5,5.0,865,154,George D. Alpogianis,14,FALSE,0.0909,TRUE
Committeeperson Dem State Central 9th,Northfield 6,6.0,1160,261,George D. Alpogianis,17,FALSE,0.0651,TRUE
Committeeperson Dem State Central 9th,Northfield 7,7.0,1578,389,George D. Alpogianis,20,FALSE,0.0514,TRUE
Committeeperson Dem State Central 9th,Northfield 8,8.0,1540,233,George D. Alpogianis,12,FALSE,0.0515,TRUE
Committeeperson Dem State Central 9th,Northfield 9,9.0,790,217,George D. Alpogianis,12,FALSE,0.0553,TRUE
Committeeperson Dem State Central 9th,Northfield 10,10.0,1036,201,George D. Alpogianis,14,FALSE,0.0697,TRUE
Committeeperson Dem State Central 9th,Northfield 12,12.0,1705,448,George D. Alpogianis,37,FALSE,0.0826,TRUE
Committeeperson Dem State Central 9th,Northfield 13,13.0,989,208,George D. Alpogianis,17,FALSE,0.0817,TRUE
Committeeperson Dem State Central 9th,Northfield 19,19.0,1361,304,George D. Alpogianis,20,FALSE,0.0658,TRUE
Committeeperson Dem State Central 9th,Northfield 20,20.0,1070,263,George D. Alpogianis,12,FALSE,0.0456,TRUE
Committeeperson Dem State Central 9th,Northfield 21,21.0,1581,388,George D. Alpogianis,18,FALSE,0.0464,TRUE
Committeeperson Dem State Central 9th,Northfield 23,23.0,860,184,George D. Alpogianis,16,FALSE,0.087,TRUE
Committeeperson Dem State Central 9th,Northfield 24,24.0,1013,258,George D. Alpogianis,24,FALSE,0.093,TRUE
Committeeperson Dem State Central 9th,Northfield 25,25.0,1034,212,George D. Alpogianis,14,FALSE,0.066,TRUE
Committeeperson Dem State Central 9th,Northfield 27,27.0,1495,212,George D. Alpogianis,15,FALSE,0.0708,TRUE
Committeeperson Dem State Central 9th,Northfield 30,30.0,1082,315,George D. Alpogianis,16,FALSE,0.0508,TRUE
Committeeperson Dem State Central 9th,Northfield 31,31.0,1413,276,George D. Alpogianis,17,FALSE,0.0616,TRUE
Committeeperson Dem State Central 9th,Northfield 33,33.0,1078,54,George D. Alpogianis,5,FALSE,0.0926,TRUE
Committeeperson Dem State Central 9th,Northfield 35,35.0,1188,230,George D. Alpogianis,18,FALSE,0.0783,TRUE
Committeeperson Dem State Central 9th,Northfield 37,37.0,1254,385,George D. Alpogianis,29,FALSE,0.0753,TRUE
Committeeperson Dem State Central 9th,Northfield 38,38.0,903,205,George D. Alpogianis,7,FALSE,0.0341,TRUE
Committeeperson Dem State Central 9th,Northfield 39,39.0,702,124,George D. Alpogianis,9,FALSE,0.0726,TRUE
Committeeperson Dem State Central 9th,Northfield 41,41.0,909,261,George D. Alpogianis,11,FALSE,0.0421,TRUE
Committeeperson Dem State Central 9th,Northfield 42,42.0,1151,216,George D. Alpogianis,8,FALSE,0.037,TRUE
Committeeperson Dem State Central 9th,Northfield 43,43.0,1183,5,George D. Alpogianis,1,FALSE,0.2,TRUE
Committeeperson Dem State Central 9th,Northfield 44,44.0,811,205,George D. Alpogianis,12,FALSE,0.0585,TRUE
Committeeperson Dem State Central 9th,Northfield 45,45.0,837,182,George D. Alpogianis,11,FALSE,0.0604,TRUE
Committeeperson Dem State Central 9th,Northfield 48,48.0,1015,215,George D. Alpogianis,7,FALSE,0.0326,TRUE
Committeeperson Dem State Central 9th,Northfield 49,49.0,1157,157,George D. Alpogianis,4,FALSE,0.0255,TRUE
Committeeperson Dem State Central 9th,Northfield 51,51.0,3043,648,George D. Alpogianis,34,FALSE,0.0525,TRUE
Committeeperson Dem State Central 9th,Northfield 52,52.0,904,285,George D. Alpogianis,14,FALSE,0.0491,TRUE
Committeeperson Dem State Central 9th,Northfield 53,53.0,1073,275,George D. Alpogianis,17,FALSE,0.0618,TRUE
Committeeperson Dem State Central 9th,Northfield 56,56.0,1466,319,George D. Alpogianis,13,FALSE,0.0408,TRUE
Committeeperson Dem State Central 9th,Northfield 57,57.0,820,176,George D. Alpogianis,10,FALSE,0.0568,TRUE
Committeeperson Dem State Central 9th,Northfield Township Results,,41222,8691,George D. Alpogianis,512,FALSE,0.0589,TRUE
Committeeperson Dem State Central 9th,Northfield 4,4.0,1156,226,Eric Smith,14,FALSE,0.0619,TRUE
Committeeperson Dem State Central 9th,Northfield 5,5.0,865,154,Eric Smith,9,FALSE,0.0584,TRUE
Committeeperson Dem State Central 9th,Northfield 6,6.0,1160,261,Eric Smith,13,FALSE,0.0498,TRUE
Committeeperson Dem State Central 9th,Northfield 7,7.0,1578,389,Eric Smith,13,FALSE,0.0334,TRUE
Committeeperson Dem State Central 9th,Northfield 8,8.0,1540,233,Eric Smith,15,FALSE,0.0644,TRUE
Committeeperson Dem State Central 9th,Northfield 9,9.0,790,217,Eric Smith,13,FALSE,0.0599,TRUE
Committeeperson Dem State Central 9th,Northfield 10,10.0,1036,201,Eric Smith,6,FALSE,0.0299,TRUE
Committeeperson Dem State Central 9th,Northfield 12,12.0,1705,448,Eric Smith,25,FALSE,0.0558,TRUE
Committeeperson Dem State Central 9th,Northfield 13,13.0,989,208,Eric Smith,7,FALSE,0.0337,TRUE
Committeeperson Dem State Central 9th,Northfield 19,19.0,1361,304,Eric Smith,11,FALSE,0.0362,TRUE
Committeeperson Dem State Central 9th,Northfield 20,20.0,1070,263,Eric Smith,8,FALSE,0.0304,TRUE
Committeeperson Dem State Central 9th,Northfield 21,21.0,1581,388,Eric Smith,16,FALSE,0.0412,TRUE
Committeeperson Dem State Central 9th,Northfield 23,23.0,860,184,Eric Smith,16,FALSE,0.087,TRUE
Committeeperson Dem State Central 9th,Northfield 24,24.0,1013,258,Eric Smith,11,FALSE,0.0426,TRUE
Committeeperson Dem State Central 9th,Northfield 25,25.0,1034,212,Eric Smith,5,FALSE,0.0236,TRUE
Committeeperson Dem State Central 9th,Northfield 27,27.0,1495,212,Eric Smith,8,FALSE,0.0377,TRUE
Committeeperson Dem State Central 9th,Northfield 30,30.0,1082,315,Eric Smith,20,FALSE,0.0635,TRUE
Committeeperson Dem State Central 9th,Northfield 31,31.0,1413,276,Eric Smith,22,FALSE,0.0797,TRUE
Committeeperson Dem State Central 9th,Northfield 33,33.0,1078,54,Eric Smith,10,FALSE,0.1852,TRUE
Committeeperson Dem State Central 9th,Northfield 35,35.0,1188,230,Eric Smith,21,FALSE,0.0913,TRUE
Committeeperson Dem State Central 9th,Northfield 37,37.0,1254,385,Eric Smith,27,FALSE,0.0701,TRUE
Committeeperson Dem State Central 9th,Northfield 38,38.0,903,205,Eric Smith,5,FALSE,0.0244,TRUE
Committeeperson Dem State Central 9th,Northfield 39,39.0,702,124,Eric Smith,9,FALSE,0.0726,TRUE
Committeeperson Dem State Central 9th,Northfield 41,41.0,909,261,Eric Smith,12,FALSE,0.046,TRUE
Committeeperson Dem State Central 9th,Northfield 42,42.0,1151,216,Eric Smith,12,FALSE,0.0556,TRUE
Committeeperson Dem State Central 9th,Northfield 43,43.0,1183,5,Eric Smith,0,FALSE,0.0,TRUE
Committeeperson Dem State Central 9th,Northfield 44,44.0,811,205,Eric Smith,15,FALSE,0.0732,TRUE
Committeeperson Dem State Central 9th,Northfield 45,45.0,837,182,Eric Smith,10,FALSE,0.0549,TRUE
Committeeperson Dem State Central 9th,Northfield 48,48.0,1015,215,Eric Smith,12,FALSE,0.0558,TRUE
Committeeperson Dem State Central 9th,Northfield 49,49.0,1157,157,Eric Smith,9,FALSE,0.0573,TRUE
Committeeperson Dem State Central 9th,Northfield 51,51.0,3043,648,Eric Smith,27,FALSE,0.0417,TRUE
Committeeperson Dem State Central 9th,Northfield 52,52.0,904,285,Eric Smith,16,FALSE,0.0561,TRUE
Committeeperson Dem State Central 9th,Northfield 53,53.0,1073,275,Eric Smith,18,FALSE,0.0655,TRUE
Committeeperson Dem State Central 9th,Northfield 56,56.0,1466,319,Eric Smith,14,FALSE,0.0439,TRUE
Committeeperson Dem State Central 9th,Northfield 57,57.0,820,176,Eric Smith,9,FALSE,0.0511,TRUE
Committeeperson Dem State Central 9th,Northfield Township Results,,41222,8691,Eric Smith,458,FALSE,0.0527,TRUE
Committeeperson Dem State Central 10th,Northfield 2,2.0,979,235,Thomas Maillard,114,TRUE,0.4851,TRUE
Committeeperson Dem State Central 10th,Northfield 3,3.0,1754,330,Thomas Maillard,129,TRUE,0.3909,TRUE
Committeeperson Dem State Central 10th,Northfield 8,8.0,1540,84,Thomas Maillard,33,TRUE,0.3929,TRUE
Committeeperson Dem State Central 10th,Northfield 11,11.0,1494,289,Thomas Maillard,120,TRUE,0.4152,TRUE
Committeeperson Dem State Central 10th,Northfield 14,14.0,1063,216,Thomas Maillard,97,TRUE,0.4491,TRUE
Committeeperson Dem State Central 10th,Northfield 15,15.0,1884,446,Thomas Maillard,212,TRUE,0.4753,TRUE
Committeeperson Dem State Central 10th,Northfield 16,16.0,1222,252,Thomas Maillard,98,TRUE,0.3889,TRUE
Committeeperson Dem State Central 10th,Northfield 17,17.0,1839,283,Thomas Maillard,109,TRUE,0.3852,TRUE
Committeeperson Dem State Central 10th,Northfield 18,18.0,1382,319,Thomas Maillard,170,TRUE,0.5329,TRUE
Committeeperson Dem State Central 10th,Northfield 20,20.0,1070,0,Thomas Maillard,0,TRUE,,TRUE
Committeeperson Dem State Central 10th,Northfield 22,22.0,1160,258,Thomas Maillard,102,TRUE,0.3953,TRUE
Committeeperson Dem State Central 10th,Northfield 26,26.0,965,231,Thomas Maillard,107,TRUE,0.4632,TRUE
Committeeperson Dem State Central 10th,Northfield 28,28.0,2141,399,Thomas Maillard,164,TRUE,0.411,TRUE
Committeeperson Dem State Central 10th,Northfield 29,29.0,895,210,Thomas Maillard,106,TRUE,0.5048,TRUE
Committeeperson Dem State Central 10th,Northfield 32,32.0,1433,291,Thomas Maillard,142,TRUE,0.488,TRUE
Committeeperson Dem State Central 10th,Northfield 34,34.0,776,204,Thomas Maillard,82,TRUE,0.402,TRUE
Committeeperson Dem State Central 10th,Northfield 36,36.0,1106,199,Thomas Maillard,92,TRUE,0.4623,TRUE
Committeeperson Dem State Central 10th,Northfield 40,40.0,816,133,Thomas Maillard,61,TRUE,0.4586,TRUE
Committeeperson Dem State Central 10th,Northfield 43,43.0,1183,239,Thomas Maillard,112,TRUE,0.4686,TRUE
Committeeperson Dem State Central 10th,Northfield 46,46.0,1441,263,Thomas Maillard,131,TRUE,0.4981,TRUE
Committeeperson Dem State Central 10th,Northfield 47,47.0,1386,390,Thomas Maillard,163,TRUE,0.4179,TRUE
Committeeperson Dem State Central 10th,Northfield 50,50.0,1439,230,Thomas Maillard,96,TRUE,0.4174,TRUE
Committeeperson Dem State Central 10th,Northfield 54,54.0,1740,400,Thomas Maillard,177,TRUE,0.4425,TRUE
Committeeperson Dem State Central 10th,Northfield 55,55.0,1015,287,Thomas Maillard,120,TRUE,0.4181,TRUE
Committeeperson Dem State Central 10th,Northfield 58,58.0,604,102,Thomas Maillard,46,TRUE,0.451,TRUE
Committeeperson Dem State Central 10th,Northfield Township Results,,32327,6290,Thomas Maillard,2783,TRUE,0.4424,TRUE
Committeeperson Dem State Central 10th,Northfield 2,2.0,979,235,Mary Edly-Allen,53,FALSE,0.2255,TRUE
Committeeperson Dem State Central 10th,Northfield 3,3.0,1754,330,Mary Edly-Allen,77,FALSE,0.2333,TRUE
Committeeperson Dem State Central 10th,Northfield 8,8.0,1540,84,Mary Edly-Allen,16,FALSE,0.1905,TRUE
Committeeperson Dem State Central 10th,Northfield 11,11.0,1494,289,Mary Edly-Allen,50,FALSE,0.173,TRUE
Committeeperson Dem State Central 10th,Northfield 14,14.0,1063,216,Mary Edly-Allen,48,FALSE,0.2222,TRUE
Committeeperson Dem State Central 10th,Northfield 15,15.0,1884,446,Mary Edly-Allen,77,FALSE,0.1726,TRUE
Committeeperson Dem State Central 10th,Northfield 16,16.0,1222,252,Mary Edly-Allen,43,FALSE,0.1706,TRUE
Committeeperson Dem State Central 10th,Northfield 17,17.0,1839,283,Mary Edly-Allen,68,FALSE,0.2403,TRUE
Committeeperson Dem State Central 10th,Northfield 18,18.0,1382,319,Mary Edly-Allen,52,FALSE,0.163,TRUE
Committeeperson Dem State Central 10th,Northfield 20,20.0,1070,0,Mary Edly-Allen,0,FALSE,,TRUE
Committeeperson Dem State Central 10th,Northfield 22,22.0,1160,258,Mary Edly-Allen,43,FALSE,0.1667,TRUE
Committeeperson Dem State Central 10th,Northfield 26,26.0,965,231,Mary Edly-Allen,46,FALSE,0.1991,TRUE
Committeeperson Dem State Central 10th,Northfield 28,28.0,2141,399,Mary Edly-Allen,102,FALSE,0.2556,TRUE
Committeeperson Dem State Central 10th,Northfield 29,29.0,895,210,Mary Edly-Allen,34,FALSE,0.1619,TRUE
Committeeperson Dem State Central 10th,Northfield 32,32.0,1433,291,Mary Edly-Allen,59,FALSE,0.2027,TRUE
Committeeperson Dem State Central 10th,Northfield 34,34.0,776,204,Mary Edly-Allen,42,FALSE,0.2059,TRUE
Committeeperson Dem State Central 10th,Northfield 36,36.0,1106,199,Mary Edly-Allen,31,FALSE,0.1558,TRUE
Committeeperson Dem State Central 10th,Northfield 40,40.0,816,133,Mary Edly-Allen,21,FALSE,0.1579,TRUE
Committeeperson Dem State Central 10th,Northfield 43,43.0,1183,239,Mary Edly-Allen,46,FALSE,0.1925,TRUE
Committeeperson Dem State Central 10th,Northfield 46,46.0,1441,263,Mary Edly-Allen,58,FALSE,0.2205,TRUE
Committeeperson Dem State Central 10th,Northfield 47,47.0,1386,390,Mary Edly-Allen,73,FALSE,0.1872,TRUE
Committeeperson Dem State Central 10th,Northfield 50,50.0,1439,230,Mary Edly-Allen,36,FALSE,0.1565,TRUE
Committeeperson Dem State Central 10th,Northfield 54,54.0,1740,400,Mary Edly-Allen,61,FALSE,0.1525,TRUE
Committeeperson Dem State Central 10th,Northfield 55,55.0,1015,287,Mary Edly-Allen,54,FALSE,0.1882,TRUE
Committeeperson Dem State Central 10th,Northfield 58,58.0,604,102,Mary Edly-Allen,11,FALSE,0.1078,TRUE
Committeeperson Dem State Central 10th,Northfield Township Results,,32327,6290,Mary Edly-Allen,1201,FALSE,0.1909,TRUE
Committeeperson Dem State Central 10th,Northfield 2,2.0,979,235,Tracy Katz Muhl,162,TRUE,0.6894,TRUE
Committeeperson Dem State Central 10th,Northfield 3,3.0,1754,330,Tracy Katz Muhl,194,TRUE,0.5879,TRUE
Committeeperson Dem State Central 10th,Northfield 8,8.0,1540,84,Tracy Katz Muhl,52,TRUE,0.619,TRUE
Committeeperson Dem State Central 10th,Northfield 11,11.0,1494,289,Tracy Katz Muhl,190,TRUE,0.6574,TRUE
Committeeperson Dem State Central 10th,Northfield 14,14.0,1063,216,Tracy Katz Muhl,142,TRUE,0.6574,TRUE
Committeeperson Dem State Central 10th,Northfield 15,15.0,1884,446,Tracy Katz Muhl,307,TRUE,0.6883,TRUE
Committeeperson Dem State Central 10th,Northfield 16,16.0,1222,252,Tracy Katz Muhl,195,TRUE,0.7738,TRUE
Committeeperson Dem State Central 10th,Northfield 17,17.0,1839,283,Tracy Katz Muhl,190,TRUE,0.6714,TRUE
Committeeperson Dem State Central 10th,Northfield 18,18.0,1382,319,Tracy Katz Muhl,250,TRUE,0.7837,TRUE
Committeeperson Dem State Central 10th,Northfield 20,20.0,1070,0,Tracy Katz Muhl,0,TRUE,,TRUE
Committeeperson Dem State Central 10th,Northfield 22,22.0,1160,258,Tracy Katz Muhl,162,TRUE,0.6279,TRUE
Committeeperson Dem State Central 10th,Northfield 26,26.0,965,231,Tracy Katz Muhl,164,TRUE,0.71,TRUE
Committeeperson Dem State Central 10th,Northfield 28,28.0,2141,399,Tracy Katz Muhl,242,TRUE,0.6065,TRUE
Committeeperson Dem State Central 10th,Northfield 29,29.0,895,210,Tracy Katz Muhl,154,TRUE,0.7333,TRUE
Committeeperson Dem State Central 10th,Northfield 32,32.0,1433,291,Tracy Katz Muhl,200,TRUE,0.6873,TRUE
Committeeperson Dem State Central 10th,Northfield 34,34.0,776,204,Tracy Katz Muhl,109,TRUE,0.5343,TRUE
Committeeperson Dem State Central 10th,Northfield 36,36.0,1106,199,Tracy Katz Muhl,145,TRUE,0.7286,TRUE
Committeeperson Dem State Central 10th,Northfield 40,40.0,816,133,Tracy Katz Muhl,88,TRUE,0.6617,TRUE
Committeeperson Dem State Central 10th,Northfield 43,43.0,1183,239,Tracy Katz Muhl,146,TRUE,0.6109,TRUE
Committeeperson Dem State Central 10th,Northfield 46,46.0,1441,263,Tracy Katz Muhl,189,TRUE,0.7186,TRUE
Committeeperson Dem State Central 10th,Northfield 47,47.0,1386,390,Tracy Katz Muhl,244,TRUE,0.6256,TRUE
Committeeperson Dem State Central 10th,Northfield 50,50.0,1439,230,Tracy Katz Muhl,155,TRUE,0.6739,TRUE
Committeeperson Dem State Central 10th,Northfield 54,54.0,1740,400,Tracy Katz Muhl,260,TRUE,0.65,TRUE
Committeeperson Dem State Central 10th,Northfield 55,55.0,1015,287,Tracy Katz Muhl,208,TRUE,0.7247,TRUE
Committeeperson Dem State Central 10th,Northfield 58,58.0,604,102,Tracy Katz Muhl,77,TRUE,0.7549,TRUE
Committeeperson Dem State Central 10th,Northfield Township Results,,32327,6290,Tracy Katz Muhl,4225,TRUE,0.6717,TRUE
Committeeperson Dem State Central 10th,Northfield 2,2.0,979,235,Jennifer Banek,33,FALSE,0.1404,TRUE
Committeeperson Dem State Central 10th,Northfield 3,3.0,1754,330,Jennifer Banek,73,FALSE,0.2212,TRUE
Committeeperson Dem State Central 10th,Northfield 8,8.0,1540,84,Jennifer Banek,13,FALSE,0.1548,TRUE
Committeeperson Dem State Central 10th,Northfield 11,11.0,1494,289,Jennifer Banek,56,FALSE,0.1938,TRUE
Committeeperson Dem State Central 10th,Northfield 14,14.0,1063,216,Jennifer Banek,48,FALSE,0.2222,TRUE
Committeeperson Dem State Central 10th,Northfield 15,15.0,1884,446,Jennifer Banek,65,FALSE,0.1457,TRUE
Committeeperson Dem State Central 10th,Northfield 16,16.0,1222,252,Jennifer Banek,47,FALSE,0.1865,TRUE
Committeeperson Dem State Central 10th,Northfield 17,17.0,1839,283,Jennifer Banek,52,FALSE,0.1837,TRUE
Committeeperson Dem State Central 10th,Northfield 18,18.0,1382,319,Jennifer Banek,49,FALSE,0.1536,TRUE
Committeeperson Dem State Central 10th,Northfield 20,20.0,1070,0,Jennifer Banek,0,FALSE,,TRUE
Committeeperson Dem State Central 10th,Northfield 22,22.0,1160,258,Jennifer Banek,51,FALSE,0.1977,TRUE
Committeeperson Dem State Central 10th,Northfield 26,26.0,965,231,Jennifer Banek,45,FALSE,0.1948,TRUE
Committeeperson Dem State Central 10th,Northfield 28,28.0,2141,399,Jennifer Banek,95,FALSE,0.2381,TRUE
Committeeperson Dem State Central 10th,Northfield 29,29.0,895,210,Jennifer Banek,26,FALSE,0.1238,TRUE
Committeeperson Dem State Central 10th,Northfield 32,32.0,1433,291,Jennifer Banek,51,FALSE,0.1753,TRUE
Committeeperson Dem State Central 10th,Northfield 34,34.0,776,204,Jennifer Banek,52,FALSE,0.2549,TRUE
Committeeperson Dem State Central 10th,Northfield 36,36.0,1106,199,Jennifer Banek,24,FALSE,0.1206,TRUE
Committeeperson Dem State Central 10th,Northfield 40,40.0,816,133,Jennifer Banek,22,FALSE,0.1654,TRUE
Committeeperson Dem State Central 10th,Northfield 43,43.0,1183,239,Jennifer Banek,38,FALSE,0.159,TRUE
Committeeperson Dem State Central 10th,Northfield 46,46.0,1441,263,Jennifer Banek,42,FALSE,0.1597,TRUE
Committeeperson Dem State Central 10th,Northfield 47,47.0,1386,390,Jennifer Banek,66,FALSE,0.1692,TRUE
Committeeperson Dem State Central 10th,Northfield 50,50.0,1439,230,Jennifer Banek,42,FALSE,0.1826,TRUE
Committeeperson Dem State Central 10th,Northfield 54,54.0,1740,400,Jennifer Banek,70,FALSE,0.175,TRUE
Committeeperson Dem State Central 10th,Northfield 55,55.0,1015,287,Jennifer Banek,43,FALSE,0.1498,TRUE
Committeeperson Dem State Central 10th,Northfield 58,58.0,604,102,Jennifer Banek,17,FALSE,0.1667,TRUE
Committeeperson Dem State Central 10th,Northfield Township Results,,32327,6290,Jennifer Banek,1120,FALSE,0.1781,TRUE